Name,Term,ES,NES,NOM p-val,FDR q-val,FWER p-val,Tag %,Gene %,Lead_genes
prerank,KEGG_2019_Mouse__Chemokine signaling pathway,0.6685357995910658,1.4649034033444688,3.906250e-03,1.000000e+00,7.400000e-01,44/190,12.56%,Gngt1;Cxcl3;Ccr1l1;Cxcr1;Cxcl15;Cxcl9;Ccl22;Ccr7;Ccr4;Ccl5;Xcr1;Ccl17;Ppbp;Cxcl10;Ccr2;Ccr9;Ccl8;Grk1;Itk;Ccr8;Ccr6;Cxcl16;Cxcr3;Cxcl13;Ccl1;Xcl1;Ccl19;Ccl7;Ccl2;Stat1;Ccr3;Ccr1;Ccl11;Ccr5;Rac2;Cxcr4;Hck;Gng2;Pik3r5;Ccl9;Gngt2;Pik3cd;Jak3;Lyn
prerank,KEGG_2019_Mouse__Inflammatory mediator regulation of TRP channels,0.6690890794852001,1.433965186486344,3.937008e-03,1.000000e+00,8.750000e-01,12/126,6.37%,Calm4;Pla2g4f;Pla2g4d;Cyp2c23;Cyp2c65;Trpm8;Ngf;Ntrk1;F2rl1;Pla2g4c;Ptger2;Trpa1
prerank,KEGG_2019_Mouse__Estrogen signaling pathway,0.6599332780911903,1.3897372273738688,1.677149e-02,1.000000e+00,9.700000e-01,7/134,3.62%,Tff1;Calm4;Krt16;Krt26;Krt35;Krt27;Krt42
prerank,KEGG_2019_Mouse__Platelet activation,0.6532754486255445,1.3830405936992105,2.429150e-02,1.000000e+00,9.770000e-01,9/123,5.82%,Gp6;Fga;Pla2g4f;Pla2g4d;Prkg2;Mylk2;Col3a1;Gp1ba;Pla2g4c
prerank,KEGG_2019_Mouse__Systemic lupus erythematosus,0.6451213377364815,1.3792178246324827,1.568627e-02,1.000000e+00,9.810000e-01,61/137,13.13%,Hist1h3h;Hist1h2ah;H2al1b;C6;H2-Eb1;H2-Aa;H2-Ab1;Hist1h2bk;Fcgr4;Hist1h2ab;Hist1h2an;Hist1h3b;Hist1h3c;Hist1h2ap;Hist1h2bh;Hist1h2bm;Hist1h2ai;Hist1h4n;Cd40;Hist1h2ak;Hist1h3f;Hist1h3g;Ifng;Hist1h2ae;H2-DMb2;Hist1h2ao;Hist1h2af;Hist1h3d;Hist1h4b;Hist1h2bj;C3;Cd28;Hist1h2br;Hist1h2ag;Il10;Hist1h2bn;C1qb;H2al1m;Hist1h2ad;C1qa;Hist1h3e;Hist1h3i;Hist1h4a;C1qc;Hist1h4f;Hist1h2bg;Hist1h4m;Hist1h2bb;H2-DMa;H2-DMb1;H2afx;C1ra;Hist1h2bp;Hist1h2bf;Fcgr1;C2;Hist1h2ac;Hist4h4;Hist2h3b;Actn1;Hist1h2bl
prerank,KEGG_2019_Mouse__Cell cycle,0.6502001592389447,1.3613382625087327,4.483431e-02,1.000000e+00,9.950000e-01,50/123,15.85%,Bub1;Ccnb1;Cdc25c;Ttk;Ccne1;Bub1b;Ccna2;Plk1;Ccnb2;Cdk1;Ccna1;Orc1;Cdc6;Chek1;Cdc20;Dbf4;Mcm5;Cdkn2a;Cdc45;E2f1;Mad2l1;Cdkn2c;Wee1;Cdk6;Mcm2;Ccnd1;Mcm6;Skp2;Mcm3;Mcm7;Trp53;Cdc25a;Ccnd2;Rbl1;Cdc7;Pkmyt1;Tgfb1;Myc;E2f2;Cdc25b;Tgfb3;E2f4;Fzr1;Cdkn1a;Cdk4;Ccne2;Mcm4;Espl1;Anapc10;Orc6
prerank,KEGG_2019_Mouse__Natural killer cell mediated cytotoxicity,0.6312161517570735,1.3216708932555878,5.088063e-02,1.000000e+00,9.990000e-01,44/113,14.62%,Klra4;Raet1e;Klra8;Klra7;Klra3;Klrb1c;Ncr1;Klrk1;Klrc2;Fcgr4;Klrd1;Gzmb;Klra1;Ulbp1;Sh2d1b1;Klra9;Klrc1;Prf1;Cd244a;Fasl;Itgal;Ifng;Lck;Cd247;Sh2d1a;H2-K1;Fcer1g;H2-D1;Casp3;Lat;Zap70;Rac2;Tyrobp;Ptpn6;Bid;H2-T23;Pik3cd;Sh3bp2;Hcst;Lcp2;Cd48;Ifngr1;Vav1;Syk
prerank,KEGG_2019_Mouse__Oocyte meiosis,0.624658053464509,1.3167718580277017,4.406130e-02,1.000000e+00,9.990000e-01,15/115,8.24%,Calm4;Mos;Spdye4a;Bub1;Ccnb1;Cdc25c;Ccne1;Plk1;Aurka;Sgo1;Ccnb2;Cdk1;Cdc20;Rps6ka6;Mad2l1
prerank,KEGG_2019_Mouse__Serotonergic synapse,0.6222883540615841,1.3113925840311529,3.740157e-02,1.000000e+00,1.000000e+00,13/131,7.43%,Gngt1;Pla2g4f;Htr3b;Cyp2d9;Pla2g4d;Cyp2c23;Cyp2c65;Htr1d;Pla2g4c;Tph2;Tph1;Slc18a2;Htr1a
prerank,KEGG_2019_Mouse__VEGF signaling pathway,0.6767689329492587,1.2998845677874638,8.695652e-02,1.000000e+00,1.000000e+00,4/58,6.19%,Pla2g4f;Pla2g4d;Pla2g4c;Sh2d2a
prerank,KEGG_2019_Mouse__Alcoholism,0.5813930162771378,1.284534351815916,4.125737e-02,1.000000e+00,1.000000e+00,50/194,13.13%,Gngt1;Calm4;Hist1h3h;Hist1h2ah;H2al1b;Hist1h2bk;Hist1h2ab;Hist1h2an;Hist1h3b;Hist1h3c;Slc18a2;Hist1h2ap;Hist1h2bh;Hist1h2bm;Hist1h2ai;Hist1h4n;Hist1h2ak;Hist1h3f;Hist1h3g;Hist1h2ae;Creb3l3;Hist1h2ao;Hist1h2af;Hist1h3d;Hist1h4b;Hist1h2bj;Hist1h2br;Hist1h2ag;Bdnf;Grin3b;Hist1h2bn;H2al1m;Hist1h2ad;Hist1h3e;Hist1h3i;Hist1h4a;Hist1h4f;Hist1h2bg;Hist1h4m;Hist1h2bb;Pdyn;H2afx;Gng2;Hist1h2bp;Hist1h2bf;Gngt2;Hist1h2ac;Hist4h4;Hist2h3b;Hist1h2bl
prerank,KEGG_2019_Mouse__DNA replication,0.7289978897110909,1.2727925726999907,1.535354e-01,1.000000e+00,1.000000e+00,21/35,17.72%,Mcm5;Pole;Pole2;Rfc5;Pola2;Fen1;Mcm2;Dna2;Mcm6;Pold1;Mcm3;Mcm7;Rfc4;Rnaseh2a;Rfc3;Pola1;Lig1;Mcm4;Pold4;Rpa3;Rpa2
prerank,KEGG_2019_Mouse__Glyoxylate and dicarboxylate metabolism,0.769097794354995,1.2632479981015614,1.735537e-01,1.000000e+00,1.000000e+00,2/29,2.71%,Hao1;Agxt
prerank,KEGG_2019_Mouse__Steroid biosynthesis,-0.7944311017475356,-1.2610587561223023,2.226415e-01,1.000000e+00,1.000000e+00,1/19,3.26%,Cyp27b1
prerank,KEGG_2019_Mouse__Progesterone-mediated oocyte maturation,0.6194287174335842,1.2585303894283575,8.782435e-02,1.000000e+00,1.000000e+00,14/90,8.24%,Mos;Spdye4a;Bub1;Ccnb1;Cdc25c;Ccna2;Plk1;Aurka;Ccnb2;Cdk1;Ccna1;Kif22;Rps6ka6;Mad2l1
prerank,KEGG_2019_Mouse__Ribosome,0.5976578850774772,1.2508511229524903,8.737864e-02,1.000000e+00,1.000000e+00,92/129,26.99%,Rplp0;Rpl32;Rpl10a;Rpl39l;Rpl18;Rps11;Rpsa;Rpl13;Rpl18a;Rps5;Rps9;Fau;Rpl19;Rps4x;Rpl29;Rps19;Rpl11;Rps20;Rps12;Rps7;Rps27rt;Rpl27a;Rpl34;Rpl12;Rps24;Rpl39;Rpl22;Rps18;Uba52;Rps3;Rps27a;Rps10;Rps3a1;Rpl27;Rps15a;Rpl8;Rps16;Rps29;Rps13;Rpl3l;Mrpl34;Rpl35a;Rpl35;Rpl23;Rpl37a;Rpl15;Rps14;Rpl28;Rpl37;Rpl17;Rps28;Rps8;Rps26;Rpl7a;Rpl6;Rpl36al;Rpl24;Rpl26;Rps23;Rplp1;Rps2;Rpl31;Rpl36;Rpl9;Rpl30;Mrpl30;Rpl4;Rps27;Mrpl21;Rpl7;Rplp2;Rpl13a;Rpl21;Mrpl19;Rpl14;Rpl23a;Mrps17;Rpl3;Rps21;Rpl5;Rps25;Rpl38;Rpl10;Mrpl32;Mrpl10;Mrpl4;Rps15;Mrpl12;Mrpl1;Mrps5;Mrpl35;Rpl41
prerank,KEGG_2019_Mouse__Maturity onset diabetes of the young,-0.7439296759917267,-1.2499689889289043,2.007874e-01,1.000000e+00,1.000000e+00,5/27,7.55%,Onecut1;Neurog3;Slc2a2;Ins2;Hnf1b
prerank,KEGG_2019_Mouse__Tyrosine metabolism,-0.7001645737909175,-1.2476860252996667,1.897959e-01,1.000000e+00,1.000000e+00,8/39,6.38%,Tyr;Aldh3b3;Dbh;Tpo;4930438A08Rik;Dct;Aldh1a3;Tyrp1
prerank,KEGG_2019_Mouse__Phenylalanine metabolism,-0.7569930439151611,-1.2416353092648071,2.439024e-01,1.000000e+00,1.000000e+00,4/22,5.64%,Aldh3b3;Glyat;4930438A08Rik;Aldh1a3
prerank,KEGG_2019_Mouse__Nicotine addiction,-0.6886113250290536,-1.232864726029589,1.814596e-01,1.000000e+00,1.000000e+00,27/40,20.52%,Gabrr3;Gabrp;Gabra6;Gabrq;Chrna4;Gabra5;Gabrr2;Gria4;Grin2a;Grin1;Gabrd;Gria3;Gabrb2;Gabre;Gabra3;Gria1;Gabra1;Grin2d;Slc17a7;Slc17a8;Grin2b;Gabrg3;Gabrg1;Gabra4;Chrnb2;Gabrg2;Cacna1b
prerank,KEGG_2019_Mouse__Necroptosis,0.5617978955090125,1.2316145795901599,7.303371e-02,1.000000e+00,1.000000e+00,34/175,12.56%,Pla2g4f;Hist1h2ah;Pla2g4d;H2al1b;Zbp1;Pla2g4c;Stat4;Mlkl;Hist1h2ab;Hist1h2an;Hist1h2ap;Fasl;Hist1h2ai;Slc25a31;Hist1h2ak;Ifng;Hist1h2ae;Hist1h2ao;Hist1h2af;Cybb;Casp1;Hist1h2ag;Stat1;H2al1m;Ripk3;Hist1h2ad;Capn1;Bid;H2afx;Birc3;Il1b;Pycard;Jak3;Hist1h2ac
prerank,KEGG_2019_Mouse__Primary bile acid biosynthesis,0.8143680096361846,1.2308688364238816,2.578616e-01,1.000000e+00,1.000000e+00,1/16,0.41%,Cyp8b1
prerank,KEGG_2019_Mouse__Cytokine-cytokine receptor interaction,0.5359428104266871,1.2242267427373978,5.175601e-02,1.000000e+00,1.000000e+00,79/286,10.88%,Cxcl3;Prl;Ccr1l1;Cxcr1;Il17f;Il31;Gdf2;Cxcl15;Ifnl2;Inhbe;Bmp10;Il19;Cxcl9;Il12b;Ccl22;Tnfsf15;Tnfrsf9;Gdf3;Il21;Ccr7;Ngf;Tnfsf4;Ccr4;Ccl5;Xcr1;Ccl17;Ppbp;Gh;Tnfrsf4;Cxcl10;Cd70;Tnfrsf18;Il1rn;Lta;Il2rb;Il27;Cd4;Il2rg;Il2ra;Il23a;Il1r2;Fasl;Ccr2;Il12rb1;Ccr9;Cd40;Il18r1;Ifng;Il23r;Ccl8;Ccr8;Ccr6;Cxcl16;Il7r;Cxcr3;Cxcl13;Ccl1;Xcl1;Ccl19;Tnfsf11;Il1rl1;Ccl7;Ccl2;Csf2rb2;Il10;Il9r;Tnfrsf12a;Tnfrsf8;Ltb;Epor;Ccr3;Ccr1;Ccl11;Csf2rb;Ccr5;Cxcr4;Bmp8b;Il3ra;Eda2r
prerank,KEGG_2019_Mouse__Phototransduction,0.7349270311277583,1.2227668349960295,2.160494e-01,1.000000e+00,1.000000e+00,2/27,0.09%,Gngt1;Calm4
prerank,KEGG_2019_Mouse__Renin-angiotensin system,0.7133381083578583,1.2225020766884196,2.004219e-01,1.000000e+00,1.000000e+00,9/34,5.75%,Mcpt4;Klk1b9;Klk1b11;Klk1b8;Klk1b26;Cma1;Cpa3;Mme;Klk1
prerank,KEGG_2019_Mouse__Complement and coagulation cascades,-0.5985599080387017,-1.2168168096574101,1.503906e-01,1.000000e+00,1.000000e+00,14/88,7.47%,Serpina1a;F12;Serpina1c;Cpb2;Zp3r;Serpina1d;Vsig4;Bdkrb2;Cd55b;Proc;Itgb2l;Serpinb2;Mbl2;F5
prerank,KEGG_2019_Mouse__Endocrine and other factor-regulated calcium reabsorption,0.6404693412330883,1.2153696270862526,1.886792e-01,1.000000e+00,1.000000e+00,6/55,5.75%,Klk1b9;Klk1b11;Klk1b8;Klk1b26;Vdr;Klk1
prerank,KEGG_2019_Mouse__Lysosome,-0.5722660999167803,-1.2109254340451936,1.280000e-01,1.000000e+00,1.000000e+00,4/124,5.18%,Psapl1;Lamp3;Dnase2b;Ctsg
prerank,KEGG_2019_Mouse__One carbon pool by folate,0.7591823457452387,1.2048642756952674,2.794118e-01,1.000000e+00,1.000000e+00,5/19,12.33%,Ftcd;Shmt1;Tyms;Mthfd1l;Dhfr
prerank,KEGG_2019_Mouse__Sphingolipid metabolism,0.6482234068615891,1.1971944156416001,2.024048e-01,1.000000e+00,1.000000e+00,2/48,2.84%,Acer1;9130409I23Rik
prerank,KEGG_2019_Mouse__Nitrogen metabolism,-0.759983578904833,-1.1953073161901244,3.182674e-01,1.000000e+00,1.000000e+00,7/17,14.17%,Cps1;Car12;Car3;Car1;Car14;Car2;Car7
prerank,KEGG_2019_Mouse__Fanconi anemia pathway,0.648214618907855,1.1930098955374908,2.015504e-01,1.000000e+00,1.000000e+00,10/51,9.04%,Eme1;Brip1;Rmi2;Ube2t;Fanci;Rad51;Brca1;Fancd2;Fanca;Cenps
prerank,KEGG_2019_Mouse__Intestinal immune network for IgA production,0.680504456368675,1.1925646967859906,2.290389e-01,1.000000e+00,1.000000e+00,24/41,15.54%,Aicda;H2-Eb1;H2-Aa;H2-Ab1;Icos;Ccr9;Cd40;H2-DMb2;Itga4;Itgb7;Cd28;Il10;Cxcr4;H2-DMa;H2-DMb1;Map3k14;Tgfb1;Tnfrsf13b;Cd40lg;Cd80;Cd86;Pigr;H2-Oa;H2-Ob
prerank,KEGG_2019_Mouse__GnRH signaling pathway,0.5879992424678157,1.1896378138620716,1.408451e-01,1.000000e+00,1.000000e+00,4/90,3.49%,Calm4;Pla2g4f;Pla2g4d;Cga
prerank,KEGG_2019_Mouse__Vitamin digestion and absorption,-0.716043644409959,-1.1803787896995508,3.030888e-01,1.000000e+00,1.000000e+00,2/23,4.59%,Apoa4;Pnlip
prerank,KEGG_2019_Mouse__Kaposi sarcoma-associated herpesvirus infection,0.5272026341584147,1.1777367872044853,1.087379e-01,1.000000e+00,1.000000e+00,59/205,16.75%,Gngt1;Calm4;Cxcl3;Ccr1l1;Ccr4;H2-M2;H2-M5;H2-Q7;Ccr8;E2f1;Ikbke;C3;Irf7;H2-T22;H2-K1;Stat1;H2-Q4;Gm11127;H2-D1;Casp3;Cdk6;Ccr3;Ccr1;H2-Q6;Ccr5;Ccnd1;Hck;Bak1;Bid;H2-T23;Trp53;Gng2;Pik3r5;Gngt2;Mapk11;Pik3cd;Lyn;H2-M3;Casp8;Ifngr1;Myc;Gnb4;Nfatc4;E2f2;Cd86;Gng3;Syk;Cdkn1a;Cdk4;Nfatc2;Stat2;Nfkbia;Nfkb1;Traf2;E2f3;Akt1;H2-Q10;Tyk2;Nras
prerank,KEGG_2019_Mouse__Homologous recombination,0.6699488300045163,1.173544326902146,2.479508e-01,1.000000e+00,1.000000e+00,20/41,19.19%,Eme1;Brip1;Rad51;Brca1;Bard1;Rad54l;Rbbp8;Rad51b;Pold1;Palb2;Topbp1;Rad51c;Pold4;Blm;Rpa3;Top3a;Rpa2;Mre11a;Rad50;Rad54b
prerank,KEGG_2019_Mouse__Pyrimidine metabolism,0.6224936264033368,1.1704671219942369,2.181425e-01,1.000000e+00,1.000000e+00,19/57,15.66%,4933425L06Rik;Tk1;Rrm2;Uck2;Nme4;Tyms;Cda;Dck;Upp1;Enpp3;Dctd;Dctpp1;Cad;Rrm1;Entpd1;Uprt;Umps;Dut;Ctps
prerank,KEGG_2019_Mouse__Salivary secretion,0.5792123936409587,1.1694338158398578,1.857143e-01,1.000000e+00,1.000000e+00,7/78,7.14%,Calm4;Best2;Dmbt1;Prkg2;Aqp5;Kcnn4;Atp1b4
prerank,KEGG_2019_Mouse__Butanoate metabolism,-0.705291010440809,-1.1678160987908812,3.238095e-01,1.000000e+00,1.000000e+00,13/27,24.16%,Acsm4;Acsm3;Acsm5;Ehhadh;Abat;Bdh1;Acat1;L2hgdh;Gad1;Echs1;Aldh5a1;Bdh2;Hadh
prerank,KEGG_2019_Mouse__Toxoplasmosis,0.5570939674851643,1.1615473431427297,1.854043e-01,1.000000e+00,1.000000e+00,53/107,19.76%,Il12b;H2-Eb1;Ciita;H2-Aa;H2-Ab1;Tlr11;Cd40;Socs1;Ifng;Lamb1;H2-DMb2;Irgm1;Igtp;Stat1;Il10;Casp3;Ccr5;H2-DMa;H2-DMb1;Birc3;Pik3r5;Il10ra;Mapk11;Casp8;Tgfb1;Cd40lg;Myd88;Ifngr1;Nos2;Tlr4;Tgfb3;Map2k3;H2-Oa;H2-Ob;Nfkbia;Ifngr2;Ly96;Nfkb1;Hspa1b;Akt1;Tyk2;Irak4;Lamb3;Itga6;Itgb1;Pik3cg;Ikbkb;Tlr2;Hspa8;Lamc1;Gnai2;Hspa1l;Mapk14
prerank,KEGG_2019_Mouse__Long-term depression,0.6157824554219763,1.1561439937253,2.307692e-01,1.000000e+00,1.000000e+00,4/60,5.82%,Pla2g4f;Pla2g4d;Prkg2;Pla2g4c
prerank,KEGG_2019_Mouse__Legionellosis,0.6093407712572213,1.154246656356534,2.485089e-01,1.000000e+00,1.000000e+00,21/57,16.66%,Cxcl3;Il12b;Naip1;C3;Nfkb2;Casp1;Casp3;Tlr5;Il1b;Pycard;Casp8;Nlrc4;Myd88;Apaf1;Tlr4;Nfkbia;Naip2;Nfkb1;Itgam;Hspa1b;Cd14
prerank,KEGG_2019_Mouse__Linoleic acid metabolism,0.631293876624047,1.1456754987896267,2.765531e-01,1.000000e+00,1.000000e+00,5/48,3.64%,Pla2g4f;Pla2g4d;Cyp2c23;Pla2g2f;Cyp2c65
prerank,KEGG_2019_Mouse__Osteoclast differentiation,0.5410699939092758,1.1455532103945305,1.952191e-01,1.000000e+00,1.000000e+00,55/123,17.43%,Fosl1;Sirpb1a;Sirpb1c;Acp5;Fcgr4;Calcr;Socs1;Ifng;Sirpb1b;Gm15448;Lck;Pparg;Nfkb2;Tnfsf11;Stat1;Pira2;Tyrobp;Pirb;Ncf4;Relb;Lilrb4a;Csf1r;Map3k14;Il1b;Spi1;Itgb3;Fcgr1;Mapk11;Pik3cd;Cyba;Fcgr2b;Tgfb1;Lcp2;Trem2;Fcgr3;Fhl2;Ifngr1;Socs3;Syk;Nfatc2;Stat2;Nfkbia;Ifngr2;Lilra5;Gm14548;Nfkb1;Tnfrsf11a;Traf2;Akt1;Tyk2;Tgfbr1;Ncf2;Ncf1;Tec;Plcg2
prerank,KEGG_2019_Mouse__Glycosaminoglycan biosynthesis,-0.5985569819387911,-1.1286649641869506,2.563107e-01,1.000000e+00,1.000000e+00,16/53,23.17%,Chst4;Chst13;Hs3st3a1;Hs3st5;Hs6st2;Ndst4;Hs3st1;Hs3st3b1;Chst1;Chsy3;Extl1;Csgalnact1;St3gal3;Chst12;Extl2;Xylt1
prerank,KEGG_2019_Mouse__Mucin type O-glycan biosynthesis,0.6720337782775228,1.1257311801243968,3.375262e-01,1.000000e+00,1.000000e+00,1/28,0.97%,Gcnt3
prerank,KEGG_2019_Mouse__Cellular senescence,0.5107095748506555,1.12505847689736,2.003854e-01,1.000000e+00,1.000000e+00,58/174,16.75%,Gata4;Calm4;Ccnb1;Ccne1;Ccna2;Foxm1;Ccnb2;H2-M2;Cdk1;Ccna1;H2-M5;Chek1;Mybl2;Cdkn2a;Slc25a31;H2-Q7;E2f1;Hipk4;H2-T22;H2-K1;Eif4ebp1;H2-Q4;Gm11127;H2-D1;Cdk6;H2-Q6;Capn1;Ccnd1;H2-T23;Trp53;Cdc25a;Ccnd2;Rbl1;Mapk11;Pik3cd;H2-M3;Lin9;Tgfb1;Myc;Nfatc4;E2f2;Tgfb3;Rras2;E2f4;Map2k3;Cdkn1a;Cdk4;Ccne2;Nfatc2;Rassf5;Rad9a;Nfkb1;Ets1;E2f3;Akt1;H2-Q10;Tgfbr1;Nras
prerank,KEGG_2019_Mouse__Parkinson disease,-0.5288335065217142,-1.1233778658546973,2.106383e-01,1.000000e+00,1.000000e+00,85/127,32.65%,Cox8c;Cox8b;Cox6b2;Snca;Cox7a1;Th;Slc18a1;Gnai1;Cox7b2;Gpr37;Cyct;Adcy5;Prkn;Cox6a2;Gnal;Drd1;Pink1;Drd2;Lrrk2;Ndufa11;Ndufv3;Slc25a4;Cox6a1;Cox8a;Cox6c;Ndufa5;Ndufs5;Ndufa1;Uba1y;Uqcr10;Slc6a3;Ndufb2;Ndufa4;Sdha;Ndufb11;Uqcr11;Ndufb6;Ndufc1;Ndufb9;Atp5g1;Ndufv2;Ndufs1;Casp9;Sdhc;Ndufs6;Ndufs3;Cox7a2;Ndufc2;Ndufa12;Ndufb7;Ndufb4;Cyc1;Ndufv1;Ndufb10;Ndufa7;Atp5g3;Uqcrc1;Cox4i1;Ppif;Ndufa2;Cox7c;Vdac1;Uqcrc2;Atp5a1;Cox5b;Ndufb3;Ndufs7;Atp5b;Uqcrb;Ndufa13;Cox7b;Ndufa6;Park7;Atp5o;Ndufa3;Prkacb;Ndufab1;Uqcrq;Ndufa10;Atp5j;Ndufs2;Ndufa9;Cycs;Uqcrh;Atp5h
prerank,KEGG_2019_Mouse__Antigen processing and presentation,0.5637809698135955,1.1146451907302004,2.479839e-01,1.000000e+00,1.000000e+00,35/80,13.33%,Klrc3;H2-Eb1;Ciita;H2-Aa;H2-Ab1;Cd74;Klrc2;Klrd1;H2-M2;Cd4;Klrc1;H2-M5;Ifng;H2-Q7;H2-DMb2;Tap1;H2-T22;H2-K1;Cd8b1;H2-Q4;Gm11127;Cd8a;Ifi30;B2m;H2-D1;Ctss;H2-Q6;H2-DMa;H2-DMb1;H2-T23;Tapbp;H2-M3;Psme2;Psme1;Lgmn
prerank,KEGG_2019_Mouse__Fatty acid elongation,-0.6545897421203907,-1.1124295027074298,3.417476e-01,1.000000e+00,1.000000e+00,19/29,29.42%,Them5;Acot3;Acot1;Acaa2;Elovl7;Acot2;Acot4;Hadhb;Echs1;Elovl5;Hadh;Hacd3;Acot5;Tecr;Acot7;Mecr;Hadha;Elovl6;Elovl2
prerank,KEGG_2019_Mouse__Ovarian steroidogenesis,0.590201874862609,1.1044647027752625,2.955854e-01,1.000000e+00,1.000000e+00,4/57,3.49%,Pla2g4f;Cyp19a1;Pla2g4d;Cga
prerank,KEGG_2019_Mouse__Leishmaniasis,0.5719829532608169,1.1036336461962961,2.914172e-01,1.000000e+00,1.000000e+00,37/65,16.87%,Il12b;H2-Eb1;H2-Aa;H2-Ab1;Fcgr4;Ifng;H2-DMb2;Itga4;Cybb;C3;Stat1;Il10;Marcksl1;Ncf4;H2-DMa;Ptpn6;H2-DMb1;Il1b;Fcgr1;Mapk11;Cyba;Tgfb1;Fcgr3;Myd88;Ifngr1;Nos2;Tlr4;Tgfb3;H2-Oa;H2-Ob;Nfkbia;Ifngr2;Nfkb1;Itgam;Irak4;Ncf2;Ncf1
prerank,KEGG_2019_Mouse__Nicotinate and nicotinamide metabolism,0.6296973743711206,1.09832821924782,3.305785e-01,1.000000e+00,1.000000e+00,7/35,12.25%,4933425L06Rik;Art2b;Nnmt;Aox4;Bst1;Aspdh;Enpp3
prerank,KEGG_2019_Mouse__Propanoate metabolism,-0.6443553266538349,-1.0982008210681282,3.580952e-01,1.000000e+00,1.000000e+00,21/30,24.73%,Ldhc;Acss3;Aldh6a1;Ehhadh;Acacb;Mcee;Ldhb;Abat;Pccb;Sucla2;Acat1;Pcca;Bckdhb;Echs1;Acss2;Mlycd;Echdc1;Hibch;Acaca;Suclg1;Acadm
prerank,KEGG_2019_Mouse__Peroxisome,0.5437543282528744,1.0954356855405847,2.815534e-01,1.000000e+00,1.000000e+00,2/84,2.71%,Hao1;Agxt
prerank,KEGG_2019_Mouse__Biosynthesis of unsaturated fatty acids,-0.6241181534430998,-1.09028007793842,3.657143e-01,1.000000e+00,1.000000e+00,19/32,29.42%,Acot3;Acaa1b;Scd3;Acot1;Scd1;Elovl7;Acot2;Scd2;Acot4;Acaa1a;Elovl5;Acox1;Hacd3;Acot5;Tecr;Scp2;Acot7;Elovl6;Elovl2
prerank,KEGG_2019_Mouse__Human T-cell leukemia virus 1 infection,0.4859155020272958,1.0892767577903453,2.366864e-01,1.000000e+00,1.000000e+00,79/235,16.75%,Mmp7;Fosl1;H2-Eb1;Ccne1;Bub1b;H2-Aa;Ccna2;H2-Ab1;Lta;Ccnb2;Il2rb;H2-M2;Cd4;Ccna1;H2-M5;Il2rg;Il2ra;Chek1;Cdc20;Il1r2;Cdkn2a;Slc25a31;Cd40;Itgal;H2-Q7;Creb3l3;H2-DMb2;Cd3d;E2f1;Lck;Cd3g;Mad2l1;Cd3e;Nfkb2;H2-T22;H2-K1;H2-Q4;Gm11127;Cdkn2c;B2m;H2-D1;H2-Q6;Ccnd1;H2-DMa;H2-DMb1;Relb;H2-T23;Map3k14;Trp53;Spi1;Ccnd2;Pik3cd;Jak3;H2-M3;Tgfb1;Myc;Adcy7;Nfatc4;E2f2;Tgfb3;Cdkn1a;Cdk4;Ccne2;Nfatc2;Calr;H2-Oa;H2-Ob;Espl1;Nfkbia;Anapc10;Kat2a;Nfkb1;Srf;Ets1;E2f3;Akt1;H2-Q10;Tgfbr1;Nras
prerank,KEGG_2019_Mouse__N-Glycan biosynthesis,0.5915123808497176,1.0892730735387253,3.150407e-01,1.000000e+00,1.000000e+00,1/50,3.41%,Mgat4d
prerank,KEGG_2019_Mouse__Glutamatergic synapse,0.5183837517375645,1.0840963665997372,2.827715e-01,1.000000e+00,1.000000e+00,3/113,2.06%,Gngt1;Pla2g4f;Pla2g4d
prerank,KEGG_2019_Mouse__Starch and sucrose metabolism,0.6452866795490885,1.0830670461311194,3.457557e-01,1.000000e+00,1.000000e+00,3/33,6.45%,Sis;G6pc;Treh
prerank,KEGG_2019_Mouse__Wnt signaling pathway,0.4989657180390737,1.0828546549662694,2.684426e-01,1.000000e+00,1.000000e+00,5/158,3.76%,Rspo4;Mmp7;Cer1;Wnt1;Fosl1
prerank,KEGG_2019_Mouse__Spliceosome,0.5059155431194986,1.0824507838096875,2.701613e-01,1.000000e+00,1.000000e+00,80/130,27.83%,Gm8994;Lsm2;Magohb;Ppil1;Ppih;Snrpf;Snrpb2;Hspa1b;Txnl4a;Snrpa1;Sf3a2;Hnrnpa1;Alyref;Snrpc;Snrpg;Lsm3;Prpf3;Prpf38b;Sf3b3;Rbm17;Dhx38;Ncbp1;Hspa8;Sf3a3;Tcerg1;Snrpa;Snrpe;Usp39;Srsf4;Snrnp40;Hspa1l;Sart1;Isy1;Prpf38a;Prpf4;Hnrnpc;Rbm8a;Ccdc12;Rbmxl1;Magoh;Ncbp2;Hnrnpu;Rbm25;Prpf31;Lsm8;Lsm5;Dhx8;Sf3b4;Hnrnpm;Srsf9;Cdc5l;Snrpd1;Snrpb;Phf5a;Ddx46;U2af2;Lsm7;Srsf7;Srsf10;Acin1;Cdc40;Srsf6;Sf3a1;Sf3b6;Sf3b1;Thoc3;Ppie;Eif4a3;Pcbp1;Cherp;Bud31;Snrpd3;Dhx15;Tra2b;Snrpd2;Lsm4;Snrnp200;Hnrnpa3;Plrg1;Prpf18
prerank,"KEGG_2019_Mouse__Valine, leucine and isoleucine degradation",-0.5738664611205522,-1.0770002846118405,3.616162e-01,1.000000e+00,1.000000e+00,34/54,28.91%,Agxt2;4930438A08Rik;Acaa1b;Acad8;Aldh6a1;Ehhadh;Aldh2;Aox1;Acaa2;Mcee;Abat;Pccb;Acat1;Mccc1;Pcca;Bckdhb;Hadhb;Acaa1a;Aldh7a1;Mccc2;Ivd;Echs1;Hibadh;Auh;Hadh;Hibch;Acadm;Acadsb;Hsd17b10;Aldh3a2;Aox2;Aldh9a1;Hadha;Acsf3
prerank,KEGG_2019_Mouse__Ras signaling pathway,0.4762305258706703,1.0753522350846654,2.604167e-01,1.000000e+00,1.000000e+00,14/230,7.71%,Gngt1;Calm4;Pla2g4f;Fgf6;Pla2g4d;Pla2g2f;Ngf;Ntrk1;Pla2g4c;Pla2g2e;Fasl;Flt3;Efna4;Met
prerank,KEGG_2019_Mouse__Phospholipase D signaling pathway,0.4992506566255218,1.073546019061079,2.794411e-01,1.000000e+00,1.000000e+00,18/148,12.64%,Pla2g4f;Cxcr1;Pla2g4d;Avp;Pla2g4c;F2r;Avpr1a;Lpar2;Ms4a2;Fcer1a;Agtr1a;Fcer1g;Sphk1;Pdgfra;Grm6;Pik3r5;Pik3cd;Lpar5
prerank,KEGG_2019_Mouse__Central carbon metabolism in cancer,0.5562946429406308,1.068913904601192,3.360000e-01,1.000000e+00,1.000000e+00,17/64,17.25%,G6pd2;Ntrk1;Flt3;Met;Pdgfra;Slc1a5;Trp53;Gls2;Pik3cd;Gck;Hk3;Myc;Kit;Akt1;Nras;Fgfr1;Erbb2
prerank,KEGG_2019_Mouse__TGF-beta signaling pathway,-0.5322216069737215,-1.0674678186545914,3.561077e-01,1.000000e+00,1.000000e+00,14/90,11.93%,Gdf6;Hamp2;Hamp;Bmp8a;Gdf7;Tnf;Pitx2;Bmp6;Bmp4;Amhr2;Ppp2cb;Bmp7;Gdf5;Smad6
prerank,KEGG_2019_Mouse__Metabolism of xenobiotics by cytochrome P450,-0.554962113050597,-1.0670548392832075,3.538767e-01,1.000000e+00,1.000000e+00,15/66,11.80%,Aldh3b3;Gsta1;Cyp1a1;Ugt1a1;Cyp2e1;Aldh1a3;Gstm6;Gsta3;Gstt3;Gstm2;Ugt1a6b;Cyp2f2;Gstp2;Gstt1;Ephx1
prerank,KEGG_2019_Mouse__Cysteine and methionine metabolism,-0.5803620472964033,-1.0666634303637896,3.634615e-01,1.000000e+00,1.000000e+00,21/49,25.00%,Agxt2;4930438A08Rik;Ldhc;Bhmt2;Bhmt;Mat1a;Amd1;Tat;Ahcyl2;Kyat1;Ldhb;Amd2;Cdo1;Cbs;Mdh1;Got1;Sdsl;Sds;Mpst;Gss;Gclc
prerank,KEGG_2019_Mouse__Arachidonic acid metabolism,0.5252357962135245,1.0613990655773484,3.210634e-01,1.000000e+00,1.000000e+00,8/86,6.76%,Pla2g4f;Pla2g4d;Cyp2c23;Pla2g2f;Cyp2c65;Cyp4f18;Pla2g4c;Pla2g2e
prerank,KEGG_2019_Mouse__Malaria,0.5871456326896116,1.0607666781219767,3.709677e-01,1.000000e+00,1.000000e+00,25/47,14.64%,Klra4;Hbb-bs;Hbb-bt;Hba-a2;Hba-a1;Sdc1;Gypa;Cd40;Itgal;Ifng;Met;Ccl2;Il10;Thbs4;Gypc;Cd36;Il1b;Tlr9;Tgfb1;Cd40lg;Myd88;Tlr4;Ccl12;Thbs1;Tgfb3
prerank,KEGG_2019_Mouse__Th17 cell differentiation,0.5114725629434573,1.058269657225785,3.152610e-01,1.000000e+00,1.000000e+00,48/101,16.70%,Il17f;Il21;Foxp3;H2-Eb1;H2-Aa;H2-Ab1;Il2rb;Cd4;Il2rg;Il2ra;Il23a;Il12rb1;Tbx21;Ifng;Il23r;H2-DMb2;Cd3d;Lck;Cd247;Cd3g;Cd3e;Stat1;Nfkbie;Ahr;Lat;Zap70;H2-DMa;H2-DMb1;Il27ra;Il1b;Mapk11;Jak3;Tgfb1;Runx1;Ifngr1;Il4ra;Irf4;Nfatc2;H2-Oa;H2-Ob;Hsp90ab1;Nfkbia;Ifngr2;Rara;Nfkb1;Il6ra;Tyk2;Tgfbr1
prerank,KEGG_2019_Mouse__Taste transduction,0.5285612720842543,1.0582471652726435,3.444227e-01,1.000000e+00,1.000000e+00,7/87,5.45%,Htr3b;Scnn1g;Tas2r116;Tas2r113;Tas2r131;Htr1d;Tas2r135
prerank,KEGG_2019_Mouse__T cell receptor signaling pathway,0.5090391673291269,1.0568426056460853,3.379722e-01,1.000000e+00,1.000000e+00,47/101,19.96%,Ctla4;Icos;Cd4;Card11;Ifng;Itk;Cd3d;Lck;Cd247;Grap2;Cd3g;Cd3e;Cd28;Il10;Cd8b1;Nfkbie;Cd8a;Lat;Zap70;Ptpn6;Map3k14;Ptprc;Mapk11;Pik3cd;Lcp2;Cd40lg;Vav1;Pdcd1;Malt1;Cdk4;Nfatc2;Rasgrp1;Pak3;Nfkbia;Map3k8;Nfkb1;Akt1;Cblb;Nras;Tec;Ikbkb;Vav2;Nfatc1;Grb2;Bcl10;Mapk14;Fyn
prerank,KEGG_2019_Mouse__Insulin secretion,-0.5200050201161215,-1.0543295624374138,3.367347e-01,1.000000e+00,1.000000e+00,43/86,26.18%,Gcg;Kcnmb2;Slc2a2;Kcnmb3;Ins2;Cckar;Abcc8;Chrm3;Adcy1;Atp1a4;Creb3l4;Ryr2;Rapgef4;Camk2a;Kcnj11;Creb3l1;Atp1b1;Adcy5;Prkcg;Kcnn1;Adcy8;Camk2b;Cacna1d;Kcnmb1;Plcb4;Adcy2;Kcnma1;Adcy3;Camk2g;Kcnn3;Snap25;Atp1a3;Itpr3;Pclo;Atp1a1;Rab3a;Prkca;Creb5;Kcnmb4;Adcyap1r1;Atp1a2;Vamp2;Plcb1
prerank,KEGG_2019_Mouse__Huntington disease,-0.47719224967877616,-1.0534853668326316,3.066955e-01,1.000000e+00,1.000000e+00,100/183,31.28%,Cox8c;Ucp1;Cox8b;Cox6b2;Cox7a1;Creb3l4;Dnah14;Grin1;Creb3l1;Dnaic2;Cox7b2;Dnali1;Cyct;Cox6a2;Dnaic1;Dnah1;Dnah9;Grin2b;Dnah3;Ppargc1a;Dnah7a;Plcb4;Ndufa11;Dnal1;Dnah5;Ndufv3;Ap2a1;Slc25a4;Ift57;Dnah12;Dnah7b;Cox6a1;Cox8a;Cox6c;Ndufa5;Dnah11;Ndufs5;Ndufa1;Grm5;Uqcr10;Ndufb2;Sod1;Itpr1;Dnah2;Ndufa4;Hap1;Sdha;Ndufb11;Uqcr11;Ndufb6;Ndufc1;Ndufb9;Dnah10;Atp5g1;Creb5;Dnal4;Ndufv2;Ndufs1;Casp9;Plcb1;Sdhc;Ndufs6;Ndufs3;Cox7a2;Ndufc2;Ndufa12;Ndufb7;Ndufb4;Cyc1;Polr2l;Ndufv1;Ndufb10;Ndufa7;Atp5g3;Uqcrc1;Cox4i1;Ppif;Ndufa2;Cox7c;Vdac1;Uqcrc2;Atp5a1;Sod2;Cox5b;Ndufb3;Ndufs7;Dctn2;Atp5b;Uqcrb;Ndufa13;Cox7b;Dnah6;Ndufa6;Atp5o;Ndufa3;Cltb;Ndufab1;Uqcrq;Ndufa10;Atp5j
prerank,KEGG_2019_Mouse__NF-kappa B signaling pathway,0.5128311853969896,1.0501096677472919,3.657025e-01,1.000000e+00,1.000000e+00,44/97,18.74%,Lta;Bcl2a1d;Card11;Cd40;Lck;Traf1;Nfkb2;Ccl19;Tnfsf11;Ltb;Lat;Zap70;Pidd1;Bcl2a1c;Relb;Map3k14;Birc3;Il1b;Bcl2a1a;Bcl2a1b;Lyn;Cd40lg;Myd88;Tlr4;Syk;Malt1;Parp1;Nfkbia;Ripk1;Ly96;Nfkb1;Tnfrsf11a;Traf2;Cd14;Irak4;Ddx58;Ube2i;Tradd;Plcg2;Trim25;Ikbkb;Traf3;Ltbr;Blnk
prerank,KEGG_2019_Mouse__Human cytomegalovirus infection,0.46280719010934734,1.0437148693072946,3.238095e-01,1.000000e+00,1.000000e+00,69/245,16.58%,Gngt1;Calm4;Ccr1l1;Ccl5;Ptger2;H2-M2;H2-M5;Fasl;Cdkn2a;H2-Q7;Creb3l3;E2f1;Tap1;H2-T22;Ccl2;H2-K1;Eif4ebp1;Ptger4;H2-Q4;Gm11127;B2m;H2-D1;Casp3;Cdk6;Ccr3;Ccr1;H2-Q6;Pdgfra;Ccr5;Rac2;Cxcr4;Ccnd1;Cgas;Bak1;Bid;H2-T23;Il1b;Trp53;Gng2;Itgb3;Il10ra;Tapbp;Gngt2;Mapk11;Pik3cd;Tmem173;H2-M3;Casp8;Myc;Gnb4;Adcy7;Nfatc4;E2f2;Ccl12;Gng3;Cdkn1a;Cdk4;Nfatc2;Calr;Akap13;Nfkbia;Ripk1;Tap2;Nfkb1;Traf2;E2f3;Akt1;Il6ra;H2-Q10
prerank,KEGG_2019_Mouse__Mismatch repair,0.6539349509062511,1.0428559263508912,4.969697e-01,1.000000e+00,1.000000e+00,14/22,22.72%,Exo1;Rfc5;Pold1;Rfc4;Rfc3;Lig1;Msh6;Pold4;Rpa3;Rpa2;Msh2;Pold2;Pcna;Rfc2
prerank,KEGG_2019_Mouse__Toll-like receptor signaling pathway,0.5042667062510625,1.0427311624170144,3.543307e-01,1.000000e+00,1.000000e+00,32/98,16.70%,Cxcl9;Il12b;Ccl5;Cxcl10;Spp1;Cd40;Ikbke;Tlr8;Irf7;Stat1;Tlr1;Tlr5;Il1b;Mapk11;Pik3cd;Irf5;Tlr9;Casp8;Tlr7;Myd88;Tlr4;Cd80;Cd86;Map2k3;Nfkbia;Map3k8;Ripk1;Ly96;Nfkb1;Akt1;Cd14;Irak4
prerank,KEGG_2019_Mouse__Prostate cancer,-0.5114873820033103,-1.042158218763941,3.571429e-01,1.000000e+00,1.000000e+00,2/97,1.46%,Srd5a2;Mmp3
prerank,KEGG_2019_Mouse__Epstein-Barr virus infection,0.46591588242388166,1.0410587543203074,3.415560e-01,1.000000e+00,1.000000e+00,86/216,16.70%,H2-Eb1;Ccne1;H2-Aa;Ccna2;H2-Ab1;Cxcl10;Oas3;H2-M2;Runx3;Oas1g;Ccna1;H2-M5;Cd40;Itgal;Cd44;H2-Q7;H2-DMb2;Cd3d;E2f1;Cd247;Tap1;Cd3g;Ikbke;Cd3e;Nfkb2;Isg15;Irf7;H2-T22;H2-K1;Stat1;Nfkbie;Oas1a;H2-Q4;Gm11127;B2m;H2-D1;Casp3;Cdk6;H2-Q6;Ccnd1;Vim;H2-DMa;Skp2;Bak1;Bid;H2-DMb1;Relb;H2-T23;Sap30;Map3k14;Bcl2l11;Trp53;Ccnd2;Tapbp;Mapk11;Pik3cd;Jak3;Lyn;H2-M3;Casp8;Myd88;Myc;Apaf1;E2f2;Entpd1;Oas2;Syk;Rbpj;Map2k3;Cdkn1a;Cdk4;Ccne2;Calr;Stat2;H2-Oa;H2-Ob;Nfkbia;Ripk1;Tap2;Nfkb1;Traf2;E2f3;Akt1;H2-Q10;Tyk2;Irak4
prerank,KEGG_2019_Mouse__Prolactin signaling pathway,0.5260244232315594,1.0405798980681726,3.669355e-01,1.000000e+00,1.000000e+00,13/72,12.83%,Prl;Cga;Socs1;Irf1;Tnfsf11;Stat1;Ccnd1;Ccnd2;Esr1;Mapk11;Pik3cd;Cish;Gck
prerank,KEGG_2019_Mouse__Dopaminergic synapse,0.48566060931516797,1.0322702668699277,3.708087e-01,1.000000e+00,1.000000e+00,3/131,1.86%,Gngt1;Calm4;Drd3
prerank,KEGG_2019_Mouse__Oxytocin signaling pathway,0.47411339922793005,1.028187882647649,3.737575e-01,1.000000e+00,1.000000e+00,5/153,5.82%,Calm4;Pla2g4f;Pla2g4d;Mylk2;Pla2g4c
prerank,KEGG_2019_Mouse__Apoptosis,0.4795713229080745,1.0267970912548252,3.770161e-01,1.000000e+00,1.000000e+00,53/141,18.03%,Ngf;Birc5;Ntrk1;Spta1;Gzmb;Prf1;Bcl2a1d;Fasl;Ctsw;Tubal3;Traf1;Lmnb1;Csf2rb2;Casp3;Ctss;Csf2rb;Pidd1;Capn1;Il3ra;Bcl2a1c;Bak1;Bid;Map3k14;Ctsc;Birc3;Bcl2l11;Pmaip1;Bcl2a1a;Bcl2a1b;Trp53;Bok;Daxx;Pik3cd;Ctsh;Casp8;Apaf1;Actb;Casp2;Casp6;Parp1;Nfkbia;Eif2s1;Ripk1;Nfkb1;Traf2;Akt1;Nras;Ctsz;Tradd;Tuba1c;Casp12;Ikbkb;Bax
prerank,KEGG_2019_Mouse__Caffeine metabolism,-0.7052393895090323,-1.0106621939928384,5.052083e-01,1.000000e+00,1.000000e+00,4/6,25.48%,Uox;Xdh;Nat1;Nat3
prerank,KEGG_2019_Mouse__Glycerophospholipid metabolism,0.4952478226826147,1.0097113163102684,4.288499e-01,1.000000e+00,1.000000e+00,7/95,7.12%,Pla2g4f;Pla2g4d;Pla2g2f;Chat;Pla2g4c;Pla2g2e;Phospho1
prerank,KEGG_2019_Mouse__beta-Alanine metabolism,-0.5885845338632926,-1.005058295338676,4.767442e-01,1.000000e+00,1.000000e+00,10/32,15.61%,Aldh3b3;Cndp1;Aldh1a3;Dpyd;Gadl1;Aldh6a1;Ehhadh;Carns1;Aldh2;Upb1
prerank,KEGG_2019_Mouse__Glycosaminoglycan degradation,-0.6246904089955446,-1.0049834290955382,5.205993e-01,1.000000e+00,1.000000e+00,2/21,0.86%,Hpse2;Hyal6
prerank,KEGG_2019_Mouse__Vascular smooth muscle contraction,0.4753112768096093,1.0043855010838851,4.377593e-01,1.000000e+00,1.000000e+00,7/138,4.37%,Calm4;Nppb;Pla2g4f;Pla2g4d;Pla2g2f;Avp;Mylk2
prerank,KEGG_2019_Mouse__Human immunodeficiency virus 1 infection,0.44773193934745287,1.0033360243377376,4.008016e-01,1.000000e+00,1.000000e+00,65/228,16.75%,Gngt1;Calm4;Ccnb1;Cdc25c;Ccnb2;H2-M2;Cd4;Cdk1;H2-M5;Chek1;Fasl;Ap1s3;H2-Q7;Cd3d;Cd247;Tap1;Cd3g;Cd3e;Apobec3;H2-T22;H2-K1;H2-Q4;Gm11127;Wee1;B2m;H2-D1;Samhd1;Casp3;H2-Q6;Ccr5;Rac2;Cxcr4;Cgas;Bak1;Bid;H2-T23;Tnfrsf1b;Gng2;Tapbp;Gngt2;Mapk11;Bst2;Pik3cd;Tmem173;H2-M3;Casp8;Myd88;Gnb4;Nfatc4;Tlr4;Gng3;Ap1s1;Map2k3;Nfatc2;Calr;Pak3;Nfkbia;Ripk1;Tap2;Nfkb1;Traf2;Akt1;H2-Q10;Irak4;Nras
prerank,KEGG_2019_Mouse__Ether lipid metabolism,0.549384404316181,1.0030438633721663,4.440079e-01,1.000000e+00,1.000000e+00,5/45,6.76%,Pla2g4f;Pla2g4d;Pla2g2f;Pla2g4c;Pla2g2e
prerank,KEGG_2019_Mouse__Arginine and proline metabolism,-0.5361226568420713,-1.0020636703104064,4.613861e-01,1.000000e+00,1.000000e+00,14/49,14.76%,Agmat;Cndp1;Ckmt2;Ckmt1;Dao;Nos1;Hoga1;Sat2;Maob;P4ha2;Amd1;Azin2;Carns1;Aldh2
prerank,KEGG_2019_Mouse__cGMP-PKG signaling pathway,0.45893206173245893,1.0013487289729361,4.124748e-01,1.000000e+00,1.000000e+00,10/170,8.17%,Gata4;Calm4;Nppb;Prkg2;Mylk2;Oprd1;Slc25a31;Atp1b4;Creb3l3;Atp2a1
prerank,KEGG_2019_Mouse__p53 signaling pathway,0.5156142858065058,0.9989518329775442,4.464286e-01,1.000000e+00,1.000000e+00,25/71,16.45%,Ccnb1;Ccne1;Ccnb2;Rrm2;Cdk1;Chek1;Cdkn2a;Gtse1;Casp3;Cdk6;Pidd1;Ccnd1;Bid;Pmaip1;Trp53;Ccnd2;Casp8;Apaf1;Thbs1;Cdkn1a;Cdk4;Ccne2;Shisa5;Sesn2;Ccng2
prerank,KEGG_2019_Mouse__Base excision repair,0.5838301456074318,0.9983692281203618,4.922481e-01,1.000000e+00,1.000000e+00,18/33,22.04%,Pole;Pole2;Neil3;Ung;Fen1;Pold1;Lig1;Apex1;Parp1;Pold4;Poll;Xrcc1;Tdg;Pold2;Parp3;Pcna;Apex2;Pole3
prerank,KEGG_2019_Mouse__Arginine biosynthesis,-0.6124471720024115,-0.9946047300077923,5.120482e-01,1.000000e+00,1.000000e+00,1/19,1.97%,Cps1
prerank,KEGG_2019_Mouse__RNA degradation,0.49998133406861867,0.9910130599466843,4.455067e-01,1.000000e+00,1.000000e+00,1/81,0.35%,Pabpc6
prerank,KEGG_2019_Mouse__Cardiac muscle contraction,-0.49721941937620734,-0.989591540529272,4.487705e-01,1.000000e+00,1.000000e+00,48/74,29.69%,Cox8c;Cox8b;Cox6b2;Cox7a1;Atp1a4;Cacna2d3;Myh7;Myl4;Ryr2;Cacnb4;Cacng5;Cox7b2;Atp1b1;Cox6a2;Cacng2;Cacna1d;Cacna2d2;Myl2;Tpm2;Atp1a3;Cox6a1;Cox8a;Cox6c;Uqcr10;Cacng7;Atp1a1;Cacng3;Slc9a6;Uqcr11;Cacnb2;Atp1a2;Cacnb1;Cox7a2;Myh6;Cyc1;Fxyd2;Uqcrc1;Cacna2d1;Cox4i1;Atp1b2;Atp2a2;Cox7c;Cacng8;Uqcrc2;Cox5b;Cacng4;Uqcrb;Cox7b
prerank,KEGG_2019_Mouse__Viral carcinogenesis,0.44594029926616946,0.9891036051397668,4.563107e-01,1.000000e+00,1.000000e+00,84/219,18.68%,Ccr4;Ccne1;Ccna2;Hist1h2bk;Scin;H2-M2;Cdk1;Ccna1;H2-M5;Chek1;Cdc20;Hist1h2bh;Hist1h2bm;Cdkn2a;Hist1h4n;H2-Q7;Creb3l3;Ccr8;Hist1h4b;Traf1;Hist1h2bj;C3;Nfkb2;Irf7;Hist1h2br;H2-T22;H2-K1;Hist1h2bn;H2-Q4;Gm11127;H2-D1;Casp3;Cdk6;Ccr3;Hist1h4a;Hist1h4f;Hist1h2bg;H2-Q6;Hist1h4m;Ccr5;Hist1h2bb;Ccnd1;Skp2;Bak1;H2-T23;Pmaip1;Trp53;Ccnd2;Rbl1;Hist1h2bp;Hist1h2bf;Pik3cd;Jak3;Lyn;H2-M3;Hist4h4;Actn1;Hist1h2bl;Casp8;Rel;Syk;Rbpj;Cdkn1a;Cdk4;Ccne2;Nfkbia;Hist2h2bb;Kat2a;Nfkb1;Srf;Traf2;H2-Q10;Snd1;Nras;Mapkapk2;Tradd;Ywhah;Bax;Gtf2h4;Sp100;Hist1h4d;Hist1h4c;Traf3;Ltbr
prerank,KEGG_2019_Mouse__Glioma,0.5068619919678051,0.9879886490805851,4.634146e-01,1.000000e+00,1.000000e+00,17/75,16.75%,Calm4;Cdkn2a;E2f1;Cdk6;Pdgfra;Ccnd1;Bak1;Trp53;Pik3cd;E2f2;Cdkn1a;Cdk4;Shc1;Camk1g;E2f3;Akt1;Nras
prerank,KEGG_2019_Mouse__Collecting duct acid secretion,0.5974631307122311,0.9863733255680652,5.113872e-01,1.000000e+00,1.000000e+00,2/27,2.00%,Atp6v1b1;Atp6v1g3
prerank,KEGG_2019_Mouse__Transcriptional misregulation in cancer,0.44228257086282574,0.9824293896685249,4.810379e-01,1.000000e+00,1.000000e+00,54/179,15.24%,Hist1h3h;Hmga2;Hoxa10;Hoxa9;Ntrk1;Gzmb;Il2rb;Ccna1;Bcl2a1d;Hist1h3b;Hist1h3c;Il1r2;Flt3;Cd40;Hist1h3f;Runx2;Hist1h3g;Ptcra;Pax7;Six4;Met;Hist1h3d;Traf1;Pparg;Itgb7;Nupr1;Cdkn2c;Hist1h3e;Hist1h3i;Six1;Bcl2a1c;Bak1;Csf1r;Birc3;Bcl2a1a;Bcl2a1b;Trp53;Spi1;Ccnd2;Fcgr1;Cebpb;Pml;Hist2h3b;Runx1;Myc;Bcl11b;Cd86;Nsd2;Rel;Hist1h3a;Nr4a3;Cdkn1a;Cebpa;Etv6
prerank,KEGG_2019_Mouse__Circadian rhythm,-0.5765654390842853,-0.9801454363475837,5.089109e-01,1.000000e+00,1.000000e+00,20/30,35.70%,Prkag3;Rorc;Prkaa2;Per2;Nr1d1;Per3;Npas2;Cry2;Bhlhe41;Rora;Bhlhe40;Fbxl3;Clock;Cry1;Skp1a;Prkag1;Rorb;Prkab2;Btrc;Prkaa1
prerank,KEGG_2019_Mouse__Influenza A,0.4489145679883257,0.978487141992465,4.687500e-01,1.000000e+00,1.000000e+00,55/165,16.70%,1810009J06Rik;Gm10334;Nxf3;Il12b;Ccl5;Prss2;H2-Eb1;Ciita;H2-Aa;H2-Ab1;Cxcl10;Oas3;Tmprss4;Oas1g;Fasl;Ifng;H2-DMb2;Ikbke;Kpna2;Irf7;Casp1;Ccl2;Stat1;Oas1a;Nxf2;H2-DMa;H2-DMb1;Rnasel;Il1b;Pycard;Mapk11;Pik3cd;Pml;Rsad2;Tlr7;Myd88;Ifngr1;Socs3;Cpsf4;Tlr4;Ccl12;Oas2;Actb;Map2k3;Stat2;H2-Oa;H2-Ob;Nfkbia;Ifngr2;Eif2s1;Nfkb1;Hspa1b;Akt1;Tyk2;Irak4
prerank,KEGG_2019_Mouse__Bacterial invasion of epithelial cells,0.49918865184847755,0.9745243058468879,4.767677e-01,1.000000e+00,1.000000e+00,20/74,18.07%,Sept12;Met;Itga5;Sept6;Hcls1;Pik3cd;Arpc1b;Fn1;Sept9;Arhgap10;Actb;Was;Arpc3;Shc1;Wasf2;Sept11;Sept3;Arpc2;Itgb1;Arpc4
prerank,KEGG_2019_Mouse__Retinol metabolism,0.4838274379466766,0.9677252076730425,5.258964e-01,1.000000e+00,1.000000e+00,8/91,5.94%,Ugt1a9;Cyp2c23;Cyp26c1;Cyp2a4;Cyp2c65;Adh7;Ugt1a2;Rdh1
prerank,KEGG_2019_Mouse__alpha-Linolenic acid metabolism,0.5909026797195907,0.9624457914632218,5.627615e-01,1.000000e+00,1.000000e+00,5/23,6.76%,Pla2g4f;Pla2g4d;Pla2g2f;Pla2g4c;Pla2g2e
prerank,KEGG_2019_Mouse__Pentose phosphate pathway,0.5748828787548347,0.9624455478369754,5.442765e-01,1.000000e+00,1.000000e+00,1/32,1.32%,G6pd2
prerank,KEGG_2019_Mouse__Measles,0.4540745646297409,0.9619302197459415,5.333333e-01,1.000000e+00,1.000000e+00,57/142,18.64%,Il12b;Ccne1;Oas3;Il2rb;Oas1g;Il2rg;Il2ra;Fasl;Cd3d;Cd3g;Ikbke;Cd3e;Cd28;Irf7;Stat1;Oas1a;Casp3;Cdk6;Ccnd1;Bak1;Bid;Il1b;Trp53;Ccnd2;Cd209c;Pik3cd;Jak3;Tlr9;Fcgr2b;Casp8;Tlr7;Myd88;Msn;Apaf1;Tlr4;Oas2;Cdk4;Ccne2;Stat2;Nfkbia;Rack1;Eif2s1;Slamf1;Nfkb1;Hspa1b;Akt1;Cblb;Tyk2;Irak4;Ddx58;Tradd;Ifih1;Ikbkb;Bax;Tlr2;Hspa8;Traf3
prerank,KEGG_2019_Mouse__Galactose metabolism,0.5637559756414864,0.956561221103708,5.463918e-01,1.000000e+00,1.000000e+00,3/32,6.64%,Sis;G6pc;Akr1b8
prerank,KEGG_2019_Mouse__B cell receptor signaling pathway,0.48948427711422265,0.9557375410815884,5.395538e-01,1.000000e+00,1.000000e+00,29/70,19.37%,Cd72;Card11;Ifitm1;Nfkbie;Rac2;Pirb;Ptpn6;Cd79b;Pik3ap1;Pik3cd;Lyn;Fcgr2b;Inpp5d;Vav1;Syk;Malt1;Dapp1;Nfatc2;Nfkbia;Nfkb1;Akt1;Nras;Plcg2;Ikbkb;Blnk;Vav2;Nfatc1;Grb2;Bcl10
prerank,KEGG_2019_Mouse__mTOR signaling pathway,0.44413640796858683,0.9552320056705448,5.381605e-01,1.000000e+00,1.000000e+00,3/154,2.68%,Atp6v1b1;Atp6v1g3;Wnt1
prerank,KEGG_2019_Mouse__Citrate cycle (TCA cycle),-0.5490016733780175,-0.9523846032896518,5.613682e-01,1.000000e+00,1.000000e+00,24/32,40.10%,Ogdhl;Idh3a;Pcx;Sucla2;Mdh1;Sdha;Suclg1;Pdhb;Aco2;Sdhc;Ogdh;Idh2;Dlat;Mdh2;Idh3g;Idh1;Dld;Pdha1;Fh1;Suclg2;Cs;Sdhd;Idh3b;Sdhb
prerank,KEGG_2019_Mouse__Ascorbate and aldarate metabolism,-0.5645315265419628,-0.9485762276636778,5.658915e-01,1.000000e+00,1.000000e+00,2/27,2.32%,Gulo;Ugt1a1
prerank,KEGG_2019_Mouse__Circadian entrainment,0.4669045437621583,0.9467447032286973,5.612648e-01,1.000000e+00,1.000000e+00,3/98,4.09%,Gngt1;Calm4;Prkg2
prerank,KEGG_2019_Mouse__Aldosterone-regulated sodium reabsorption,0.5326086809181236,0.945042959895155,5.383065e-01,1.000000e+00,1.000000e+00,3/38,7.17%,Scnn1g;Atp1b4;Hsd11b2
prerank,KEGG_2019_Mouse__Sphingolipid signaling pathway,0.4519839212749651,0.9429741904647321,5.688259e-01,1.000000e+00,1.000000e+00,14/122,12.42%,Acer1;9130409I23Rik;Oprd1;S1pr2;Ms4a2;Fcer1a;Cers6;Fcer1g;Sphk1;Rac2;Bid;Trp53;Mapk11;Pik3cd
prerank,KEGG_2019_Mouse__Neuroactive ligand-receptor interaction,-0.3995602920066892,-0.9422324138811833,6.247379e-01,1.000000e+00,1.000000e+00,86/348,12.97%,Galr3;Tacr3;Edn2;Prlhr;Prlh;Gcg;Nmur2;Glp2r;2210010C04Rik;Gabrr3;Gnrhr;Sstr5;Nmur1;Gabrp;Ghsr;Agtr2;Bdkrb2;Gabra6;Htr4;Crhr2;Trhr2;Ctsg;Pmch;Nmbr;Galr2;Vip;Gabrq;Trhr;Agtr1b;Pth2;Mc3r;Chrm2;Htr2c;Chrna9;Prlr;Htr5a;Chrna4;Drd4;Htr1b;Cckar;Chrm5;Mc4r;Rln1;Htr2b;Gpr50;Oprm1;Sstr3;Grm2;Npb;Gabra5;Adra2c;Htr1f;Glra3;Mchr1;Chrm3;Hrh3;Grm8;Hcrtr2;Chrna3;Tshr;Ptgdr;Npy2r;Lhb;Adra2b;P2ry1;Chrm1;Grm7;Gabrr2;Chrnb4;Gria4;Gipr;P2rx5;Oprl1;Calca;Rxfp2;Sstr1;Grin2a;Grin1;Adm;Gabrd;Gria3;Grik3;Adra1a;Edn1;Gabrb2;Chrm4
prerank,KEGG_2019_Mouse__Taurine and hypotaurine metabolism,-0.611124201662681,-0.9422197461899215,5.597723e-01,1.000000e+00,1.000000e+00,8/11,26.83%,Ggt6;Gadl1;Gad1;Cdo1;Ggt7;Csad;Ado;Ggt1
prerank,KEGG_2019_Mouse__Phagosome,0.43118965857770103,0.93876856093775,5.968689e-01,1.000000e+00,1.000000e+00,45/167,13.76%,Atp6v1b1;Atp6v1g3;H2-Eb1;H2-Aa;H2-Ab1;Fcgr4;Tubb6;H2-M2;H2-M5;H2-Q7;H2-DMb2;Rab7b;Tubal3;Cybb;Tap1;C3;Itga5;Msr1;H2-T22;H2-K1;H2-Q4;Gm11127;H2-D1;Thbs4;Ctss;Tubb3;H2-Q6;Coro1a;Ncf4;H2-DMa;Cd36;H2-DMb1;H2-T23;Itgb3;Cd209c;C1ra;Itga2;Tubb5;Fcgr1;Cyba;H2-M3;Fcgr2b;Mrc1;Atp6v0a4;Fcgr3
prerank,KEGG_2019_Mouse__Graft-versus-host disease,0.5110234737926757,0.9371470994444688,5.637450e-01,1.000000e+00,1.000000e+00,28/54,11.76%,Klra7;Klra3;H2-Eb1;H2-Aa;H2-Ab1;Klrd1;Gzmb;Klra1;Klra9;H2-M2;Klrc1;Prf1;H2-M5;Fasl;Ifng;H2-Q7;H2-DMb2;Cd28;H2-T22;H2-K1;H2-Q4;Gm11127;H2-D1;H2-Q6;H2-DMa;H2-DMb1;H2-T23;Il1b
prerank,KEGG_2019_Mouse__Apelin signaling pathway,0.4355314520496123,0.9353563685333325,6.046065e-01,1.000000e+00,1.000000e+00,5/136,5.68%,Gngt1;Calm4;Aplnr;Mylk2;Spp1
prerank,KEGG_2019_Mouse__Cytosolic DNA-sensing pathway,-0.4884336767207749,-0.934734138318378,5.631692e-01,1.000000e+00,1.000000e+00,2/61,3.92%,Ifi202b;Ifnb1
prerank,KEGG_2019_Mouse__African trypanosomiasis,0.5413886137032978,0.9336716858318543,5.538160e-01,1.000000e+00,1.000000e+00,10/36,9.41%,Il12b;Hbb-bs;Hbb-bt;Hba-a2;Hba-a1;F2rl1;Ido1;Fasl;Ifng;Il10
prerank,KEGG_2019_Mouse__cAMP signaling pathway,-0.41513360881344746,-0.9336364412721212,6.475248e-01,1.000000e+00,1.000000e+00,65/210,20.16%,Edn2;Gcg;Sstr5;Cnga3;Ghsr;Cnga2;Sucnr1;Htr4;Vip;Chrm2;Atp2b3;Htr1b;Calml4;Ppp1r1b;Adcy10;Htr1f;Adcy1;Atp1a4;Tshr;Fxyd1;Creb3l4;Chrm1;Gnai1;Gria4;Ryr2;Gipr;Ppara;Rapgef4;Pln;Camk2a;Nppa;Sstr1;Grin2a;Grin1;Gria3;Creb3l1;Edn1;Atp1b1;Adcy5;Gria1;Npy;Grin2d;Htr6;Tshb;Adcy8;Camk2b;Grin2b;Cacna1d;Hhip;Atp2b2;Drd1;Adora1;Drd2;Cnga4;Hcn2;Gli1;Cngb3;Mc2r;Pde4c;Adcy2;Adcy3;Cngb1;Amh;Mapk10;Ptch1
prerank,KEGG_2019_Mouse__Autoimmune thyroid disease,0.4868904994307595,0.9325553071833984,5.708661e-01,1.000000e+00,1.000000e+00,25/67,11.41%,Cga;Ctla4;H2-Eb1;H2-Aa;H2-Ab1;Gzmb;H2-M2;Prf1;H2-M5;Fasl;Cd40;H2-Q7;H2-DMb2;Cd28;Tg;H2-T22;H2-K1;Il10;H2-Q4;Gm11127;H2-D1;H2-Q6;H2-DMa;H2-DMb1;H2-T23
prerank,KEGG_2019_Mouse__Drug metabolism,-0.4464629137898722,-0.9292068301836457,6.008316e-01,1.000000e+00,1.000000e+00,13/113,6.42%,Aldh3b3;Gsta1;Fmo3;Ugt1a1;Ces1f;Cyp2e1;Mpo;Ces2e;Aldh1a3;Fmo2;Dpyd;Ces1d;Ces2g
prerank,"KEGG_2019_Mouse__Alanine, aspartate and glutamate metabolism",-0.5291341646202605,-0.9276650339910455,5.880000e-01,1.000000e+00,1.000000e+00,3/36,4.43%,Agxt2;Cps1;4930438A08Rik
prerank,KEGG_2019_Mouse__MAPK signaling pathway,0.4032996809780212,0.9257308010352651,6.797642e-01,1.000000e+00,1.000000e+00,38/294,12.37%,Pla2g4f;Fgf6;Pla2g4d;Ngf;Ntrk1;Dusp4;Pla2g4c;Map4k1;Fasl;Flt3;Efna4;Rps6ka6;Ptpn7;Dusp5;Cacnb3;Met;Ereg;Dusp2;Cacng6;Nfkb2;Fgf21;Bdnf;Cacna2d4;Casp3;Pdgfra;Rac2;Cacng1;Relb;Csf1r;Map3k14;Il1b;Trp53;Fgf3;Vegfd;Cacna1f;Mapkapk3;Daxx;Mapk11
prerank,KEGG_2019_Mouse__Ubiquinone and other terpenoid-quinone biosynthesis,-0.6108732664960143,-0.9233669341219242,5.847619e-01,1.000000e+00,1.000000e+00,7/11,31.85%,Nqo1;Tat;Coq7;Ggcx;Coq3;Vkorc1;Coq2
prerank,KEGG_2019_Mouse__Hippo signaling pathway,-0.4230057893543878,-0.9223445920685054,6.618257e-01,1.000000e+00,1.000000e+00,33/158,18.56%,Wnt8a;Gdf6;Bmp8a;Gdf7;Itgb2l;Wnt8b;Wnt9b;Rassf6;Wnt16;Bmp6;Bmp4;Ppp2cb;Ppp2r2c;Bmp7;Wnt11;Dlg2;Serpine1;Gdf5;Ctnna3;Bmp5;Bmp2;Pard6b;Prkcz;Llgl2;Trp73;Tgfb2;Wnt5b;Wwc1;Crb2;Wtip;Wnt6;Fzd9;Patj
prerank,KEGG_2019_Mouse__Long-term potentiation,0.47710118268475293,0.9222620051284328,6.032720e-01,1.000000e+00,1.000000e+00,1/66,0.09%,Calm4
prerank,KEGG_2019_Mouse__Glycerolipid metabolism,-0.4741382923558828,-0.9124558409315169,6.028226e-01,1.000000e+00,1.000000e+00,25/61,28.10%,Mogat2;Pnlip;Akr1b7;Dgkk;Mogat1;Pnpla3;Dgki;Dgkg;Mboat1;Aldh2;Pnliprp2;Glyctk;Lpl;Agpat4;Aldh7a1;Gpam;Dgat1;Mboat2;Dgkb;Plpp1;Dgke;Agpat2;Aldh3a2;Plpp2;Aldh9a1
prerank,KEGG_2019_Mouse__Salmonella infection,0.45494621427819676,0.9124453245055247,6.075697e-01,1.000000e+00,1.000000e+00,23/78,16.66%,Cxcl3;Ifng;Rab7b;Casp1;Tlr5;Il1b;Pycard;Mapk11;Arpc1b;Pfn1;Nlrc4;Myd88;Ifngr1;Nos2;Tlr4;Actb;Was;Arpc3;Ifngr2;Nfkb1;Flna;Wasf2;Cd14
prerank,KEGG_2019_Mouse__Proteasome,0.4895323635957816,0.8995722088976867,6.633065e-01,1.000000e+00,1.000000e+00,19/46,25.05%,Ifng;Psmb9;Psmb8;Psmb10;Psme2;Psme1;Psma5;Psma7;Psma1;Psme2b;Pomp;Psmd2;Psme4;Psma4;Psme3;Psmb3;Psmd11;Sem1;Psmb2
prerank,KEGG_2019_Mouse__Small cell lung cancer,0.44478103501815086,0.8976761997146105,6.541502e-01,1.000000e+00,1.000000e+00,38/92,19.10%,Ccne1;Cks2;Cks1b;Lamb1;E2f1;Traf1;Casp3;Cdk6;Ccnd1;Skp2;Bak1;Birc3;Trp53;Itga2;Traf4;Pik3cd;Fn1;Col4a2;Col4a1;Myc;Apaf1;Nos2;E2f2;Cdkn1a;Cdk4;Ccne2;Nfkbia;Nfkb1;Traf2;E2f3;Akt1;Lamb3;Itga6;Itgb1;Ikbkb;Bax;Traf3;Lamc1
prerank,KEGG_2019_Mouse__Phosphatidylinositol signaling system,0.42551694676480095,0.8841830328273173,7.003968e-01,1.000000e+00,1.000000e+00,1/98,0.09%,Calm4
prerank,KEGG_2019_Mouse__Phosphonate and phosphinate metabolism,-0.6030946150723571,-0.8733043155003458,6.812609e-01,1.000000e+00,1.000000e+00,3/6,32.11%,Chpt1;Pcyt1b;Pcyt1a
prerank,KEGG_2019_Mouse__Oxidative phosphorylation,0.413823952940208,0.8692170339418984,7.714844e-01,1.000000e+00,1.000000e+00,2/118,2.00%,Atp6v1b1;Atp6v1g3
prerank,KEGG_2019_Mouse__Steroid hormone biosynthesis,-0.42711095007553235,-0.869018455980239,7.239264e-01,1.000000e+00,1.000000e+00,6/88,2.56%,Srd5a2;Akr1c18;Cyp1a1;Cyp11b1;Ugt1a1;Hsd17b3
prerank,KEGG_2019_Mouse__Chemical carcinogenesis,-0.42694759024643714,-0.8639448628136167,7.445545e-01,1.000000e+00,1.000000e+00,5/94,4.11%,Aldh3b3;Gsta1;Cyp1a1;Ugt1a1;Cyp2e1
prerank,KEGG_2019_Mouse__Neurotrophin signaling pathway,0.4167956524302056,0.8632397455082877,7.672956e-01,1.000000e+00,1.000000e+00,11/121,12.42%,Calm4;Ngf;Ntrk1;Fasl;Rps6ka6;Bdnf;Nfkbie;Arhgdib;Trp53;Mapk11;Pik3cd
prerank,KEGG_2019_Mouse__Tuberculosis,0.3926667790123477,0.8606830375915808,8.020408e-01,1.000000e+00,1.000000e+00,56/175,16.70%,Calm4;Il12b;Vdr;H2-Eb1;Ciita;H2-Aa;H2-Ab1;Cd74;Fcgr4;Il23a;Ifng;H2-DMb2;Itgax;C3;Stat1;Il10;Fcer1g;Casp3;Ctss;Sphk1;Tlr1;Coro1a;H2-DMa;Bid;H2-DMb1;Il1b;Lsp1;Cd209c;Il10ra;Fcgr1;Mapk11;Cebpb;Tlr9;Fcgr2b;Casp8;Mrc1;Atp6v0a4;Tgfb1;Fcgr3;Myd88;Ifngr1;Apaf1;Nos2;Tlr4;Syk;Tgfb3;Malt1;H2-Oa;Nod2;H2-Ob;Ifngr2;Nfkb1;Itgam;Akt1;Cd14;Irak4
prerank,KEGG_2019_Mouse__Primary immunodeficiency,0.49667953953916977,0.860282546806154,7.060086e-01,1.000000e+00,1.000000e+00,19/35,13.78%,Aicda;Ciita;Icos;Cd4;Il2rg;Cd40;Cd3d;Lck;Tap1;Ung;Il7r;Cd3e;Cd8b1;Cd8a;Zap70;Ptprc;Jak3;Tnfrsf13b;Cd40lg
prerank,KEGG_2019_Mouse__Purine metabolism,0.40099118670274914,0.8525544392807384,8.153846e-01,1.000000e+00,1.000000e+00,4/135,6.09%,4933425L06Rik;Allc;Rrm2;Pde6b
prerank,KEGG_2019_Mouse__Non-homologous end-joining,0.5646859646551552,0.8481267437836307,6.577778e-01,1.000000e+00,1.000000e+00,6/13,20.67%,Dntt;Fen1;Mre11a;Rad50;Poll;Dclre1c
prerank,KEGG_2019_Mouse__Synthesis and degradation of ketone bodies,-0.5583679475342483,-0.8476975474715496,6.631016e-01,1.000000e+00,1.000000e+00,8/11,42.69%,Bdh1;Acat1;Bdh2;Oxct1;Acat2;Hmgcs2;Hmgcl;Hmgcs1
prerank,KEGG_2019_Mouse__Thiamine metabolism,-0.5394230989160865,-0.8450403194477771,6.495238e-01,1.000000e+00,1.000000e+00,7/15,28.95%,Ak8;Alpl;Ak7;Ak1;Ak5;Nfs1;Ak4
prerank,KEGG_2019_Mouse__RIG-I-like receptor signaling pathway,0.4402023163367387,0.8447177793160182,7.642436e-01,1.000000e+00,1.000000e+00,25/68,20.41%,Il12b;Cxcl10;Ikbke;Isg15;Irf7;Ifnk;Mapk11;Dhx58;Tmem173;Casp8;Tkfc;Nfkbia;Ripk1;Nfkb1;Traf2;Ddx58;Tradd;Ifih1;Trim25;Ikbkb;Traf3;Mapk14;Fadd;Nfkbib;Map3k1
prerank,KEGG_2019_Mouse__Th1 and Th2 cell differentiation,0.41733984513809497,0.84253985379085,7.996032e-01,1.000000e+00,1.000000e+00,36/86,15.85%,Il12b;H2-Eb1;H2-Aa;H2-Ab1;Il2rb;Stat4;Runx3;Cd4;Il2rg;Il2ra;Il12rb1;Tbx21;Ifng;H2-DMb2;Cd3d;Lck;Cd247;Cd3g;Cd3e;Stat1;Nfkbie;Lat;Zap70;H2-DMa;H2-DMb1;Mapk11;Jak3;Dll3;Ifngr1;Il4ra;Rbpj;Nfatc2;H2-Oa;H2-Ob;Nfkbia;Ifngr2
prerank,KEGG_2019_Mouse__Fc epsilon RI signaling pathway,0.43561727497134495,0.8422756617628403,7.595190e-01,1.000000e+00,1.000000e+00,2/66,2.06%,Pla2g4f;Pla2g4d
prerank,KEGG_2019_Mouse__Type II diabetes mellitus,0.45705941339858736,0.8407717654000044,7.622790e-01,1.000000e+00,1.000000e+00,1/48,0.53%,Adipoq
prerank,KEGG_2019_Mouse__Bile secretion,-0.42444593002782,-0.8363832035531408,7.790476e-01,1.000000e+00,1.000000e+00,16/72,14.21%,Slc22a1;Slc5a1;Slco1a6;Aqp8;Slc4a5;Abcc2;Slc9a3;Slc51a;Slco1a5;Adcy1;Atp1a4;Slc27a5;Ephx1;Car2;Atp1b1;Adcy5
prerank,KEGG_2019_Mouse__Fat digestion and absorption,-0.4705769080904625,-0.8350754819360585,7.131631e-01,1.000000e+00,1.000000e+00,6/39,5.65%,Pla2g10;Apoa4;Pla2g12b;Mogat2;Pnlip;Pla2g5
prerank,KEGG_2019_Mouse__Ribosome biogenesis in eukaryotes,-0.41565977348234584,-0.8347804163819627,8.069106e-01,1.000000e+00,1.000000e+00,1/79,2.91%,Nxf7
prerank,KEGG_2019_Mouse__PI3K-Akt signaling pathway,0.35847738747912283,0.8327365243948499,9.779116e-01,1.000000e+00,1.000000e+00,67/353,14.62%,Gngt1;Prl;Fgf6;Ngf;Ccne1;Gh;Ntrk1;G6pc;Spp1;Il2rb;Brca1;Il2rg;Il2ra;Fasl;Flt3;Efna4;Lamb1;Creb3l3;Col6a4;Itga4;Met;Ereg;Itgb7;F2r;Il7r;Ibsp;Tnc;Lpar2;Itga5;Fgf21;Eif4ebp1;Bdnf;Epor;Col6a1;Thbs4;Cdk6;Pdgfra;Ccnd1;Il3ra;Csf1r;Bcl2l11;Pik3ap1;Trp53;Fgf3;Ccnd2;Gng2;Itgb3;Vegfd;Pik3r5;Itga2;Gngt2;Pik3cd;Ddit4;Jak3;Lpar5;Fn1;Col4a2;Col4a1;Myc;Gnb4;Tlr4;Itga9;Il4ra;Gng3;Thbs1;Eif4e2;Syk
prerank,KEGG_2019_Mouse__Rheumatoid arthritis,0.4162580303956076,0.8321086145717184,8.068410e-01,1.000000e+00,1.000000e+00,15/81,9.23%,Atp6v1b1;Atp6v1g3;Ctla4;Ccl5;H2-Eb1;H2-Aa;H2-Ab1;Acp5;Il23a;Itgal;Ifng;H2-DMb2;Cd28;Tnfsf11;Ccl2
prerank,KEGG_2019_Mouse__Allograft rejection,0.453541437359757,0.8319989583843347,7.689320e-01,1.000000e+00,1.000000e+00,24/52,11.41%,Il12b;H2-Eb1;H2-Aa;H2-Ab1;Gzmb;H2-M2;Prf1;H2-M5;Fasl;Cd40;Ifng;H2-Q7;H2-DMb2;Cd28;H2-T22;H2-K1;Il10;H2-Q4;Gm11127;H2-D1;H2-Q6;H2-DMa;H2-DMb1;H2-T23
prerank,KEGG_2019_Mouse__Thyroid hormone signaling pathway,0.3950432539423428,0.830780676333057,8.678862e-01,1.000000e+00,1.000000e+00,12/115,13.98%,Gata4;Atp1b4;Dio3;Stat1;Ccnd1;Trp53;Itgb3;Slc16a10;Esr1;Pik3cd;Tbc1d4;Myc
prerank,KEGG_2019_Mouse__Morphine addiction,-0.40987388660147006,-0.8297969465310833,8.019802e-01,1.000000e+00,1.000000e+00,43/91,21.79%,Gabrr3;Gabrp;Gabra6;Gng13;Gabrq;Kcnj6;Oprm1;Kcnj3;Gabra5;Kcnj9;Adcy1;Pde11a;Gnai1;Gabrr2;Gabrd;Gm5741;Gabrb2;Gng8;Gabre;Pde1c;Gabra3;Adcy5;Gnb3;Gabra1;Prkcg;Adcy8;Gnb5;Gabrg3;Drd1;Gng7;Adora1;Gabrg1;Pde8a;Gabra4;Pde4c;Adcy2;Adcy3;Gng4;Gabrg2;Cacna1b;Gnao1;Pde1a;Pde4b
prerank,KEGG_2019_Mouse__Thyroid hormone synthesis,0.41949862304180546,0.8297812071530511,7.955912e-01,1.000000e+00,1.000000e+00,6/73,8.78%,Duoxa2;Cga;Atp1b4;Creb3l3;Tg;Slc26a4
prerank,KEGG_2019_Mouse__Retrograde endocannabinoid signaling,-0.390442199237592,-0.829218894252981,8.699187e-01,1.000000e+00,1.000000e+00,93/139,31.13%,Gabrr3;Gabrp;Gabra6;Gng13;Gabrq;Mapk13;Kcnj6;Kcnj3;Gabra5;Kcnj9;Adcy1;Gnai1;Gabrr2;Gria4;Gabrd;Gria3;Gm5741;Gabrb2;Gng8;Gabre;Gabra3;Adcy5;Gria1;Gnb3;Gabra1;Prkcg;Slc17a7;Slc17a8;Adcy8;Cacna1d;Gnb5;Gabrg3;Grm1;Gng7;Gabrg1;Napepld;Plcb4;Gabra4;Adcy2;Adcy3;Gng4;Ndufa11;Mapk10;Gabrg2;Cacna1b;Dagla;Ndufv3;Gnao1;Itpr3;Ndufa5;Ndufs5;Ndufa1;Grm5;Ndufb2;Itpr1;Ndufa4;Gria2;Rims1;Faah;Ndufb11;Ndufb6;Ndufc1;Prkca;Ndufb9;Ndufv2;Ndufs1;Plcb1;Mapk3;Ndufs6;Ndufs3;Ndufc2;Ndufa12;Gabrb1;Ndufb7;Ndufb4;Ndufv1;Ndufb10;Ndufa7;Ndufa2;Cacna1a;Ndufb3;Ndufs7;Ndufa13;Ndufa6;Ndufa3;Prkacb;Kcnj5;Gng11;Ndufab1;Gabrb3;Prkcb;Gabra2;Ndufa10
prerank,KEGG_2019_Mouse__Pancreatic secretion,0.39854188024864845,0.8276865483461003,8.433735e-01,1.000000e+00,1.000000e+00,8/103,4.62%,Cpa1;1810009J06Rik;Gm10334;Clca3b;Pla2g2f;Clca1;Prss2;Cpa3
prerank,KEGG_2019_Mouse__Protein export,-0.4999919623509798,-0.8265651868684933,7.040619e-01,1.000000e+00,1.000000e+00,15/27,36.56%,Srp54b;Srp54c;Immp2l;Srp54a;Arxes2;Sec62;Srp14;Arxes1;Immp1l;Sec11c;Srpr;Sec63;Sec61a2;Srp9;Spcs1
prerank,KEGG_2019_Mouse__C-type lectin receptor signaling pathway,0.39744903952733895,0.8224026584668972,8.865979e-01,1.000000e+00,1.000000e+00,24/111,12.42%,Calm4;Il12b;Ccl22;Ccl17;Clec4b1;Il23a;Clec4n;Ikbke;Nfkb2;Irf1;Casp1;Stat1;Il10;Fcer1g;Bcl3;Relb;Map3k14;Il1b;Clec4d;Lsp1;Cd209c;Pycard;Mapk11;Pik3cd
prerank,KEGG_2019_Mouse__Pyruvate metabolism,-0.4610825411352584,-0.820154895319922,7.339806e-01,1.000000e+00,1.000000e+00,32/38,36.13%,Ldhc;Me3;Acyp2;Aldh2;Acacb;Ldhd;Me1;Grhpr;Ldhb;Pcx;Glo1;Acat1;Acyp1;Aldh7a1;Mdh1;Acss2;Acaca;Pdhb;Pklr;Hagh;Aldh3a2;Aldh9a1;Dlat;Mdh2;Ldhal6b;Acss1;Dld;Pdha1;Me2;Pkm;Fh1;Acat2
prerank,KEGG_2019_Mouse__RNA transport,0.377266837688046,0.8196857769855154,9.189723e-01,1.000000e+00,1.000000e+00,51/163,21.83%,Pabpc6;Nxf3;Gm8994;Tacc3;Eif4ebp1;Nxf2;Gemin4;Nup93;Magohb;Aaas;Nup62;Pabpc4;Nup43;Eif4e2;Nup210;Pabpc1;Nup37;Eif2s1;Nup85;Eif3b;Nup210l;Rangap1;Alyref;Eif4a1;Ube2i;Nup188;Ncbp1;Ran;Kpnb1;Cyfip1;Nup160;Eif4g1;Eif3h;Eif3e;Nxf1;Thoc5;Eif3a;Ndc1;Gemin5;Gemin6;Upf1;Nup205;Rae1;Rbm8a;Eif2b4;Nup50;Rnps1;Nup155;Eif3d;Gemin7;Seh1l
prerank,KEGG_2019_Mouse__Hematopoietic cell lineage,0.4065521474904847,0.8187602759319988,8.430584e-01,1.000000e+00,1.000000e+00,38/90,12.30%,H2-Eb1;Gp1ba;H2-Aa;H2-Ab1;Mme;Dntt;Cd4;Gypa;Il2ra;Il1r2;Flt3;Cd44;H2-DMb2;Cd3d;Cd5;Itga4;Cd2;Cd3g;Cd7;Il7r;Cd3e;Itga5;Cd8b1;Il9r;Cd8a;Epor;Gp9;Cd1d1;Il3ra;H2-DMa;Cd36;H2-DMb1;Csf1r;Il1b;Itgb3;Itga2;Fcgr1;Gp5
prerank,KEGG_2019_Mouse__Type I diabetes mellitus,0.4357804092278706,0.8185711927818151,7.855787e-01,1.000000e+00,1.000000e+00,24/59,11.76%,Il12b;H2-Eb1;H2-Aa;H2-Ab1;Gzmb;Lta;H2-M2;Prf1;H2-M5;Fasl;Ifng;H2-Q7;H2-DMb2;Cd28;H2-T22;H2-K1;H2-Q4;Gm11127;H2-D1;H2-Q6;H2-DMa;H2-DMb1;H2-T23;Il1b
prerank,KEGG_2019_Mouse__Regulation of actin cytoskeleton,0.3629150287473834,0.8180577241833532,9.548134e-01,1.000000e+00,1.000000e+00,52/216,17.55%,Mos;Fgf6;Myl10;Mylk2;Scin;Itgal;Itgax;Itga4;Itgae;Itgb7;F2r;Iqgap3;Lpar2;Itga5;Fgf21;Tmsb4x;Insrr;Pdgfra;Myh10;Rac2;Cxcr4;Fgf3;Itgb3;Itga2;Pik3cd;Nckap1l;Lpar5;Arpc1b;Pfn1;Actn1;Fn1;Msn;Vav1;Myh9;Itga9;Rras2;Actb;Was;Arpc3;Iqgap1;Pak3;Ssh2;Itgad;Itgam;Arhgef6;Wasf2;Nras;Fgfr1;Arpc2;Itga6;Diaph1;Itgb1
prerank,KEGG_2019_Mouse__Pancreatic cancer,0.4174664576360262,0.8171370156366097,8.069815e-01,1.000000e+00,1.000000e+00,33/75,23.41%,Rad51;Cdkn2a;E2f1;Stat1;Cdk6;Rac2;Ccnd1;Bak1;Trp53;Pik3cd;Tgfb1;E2f2;Tgfb3;Cdkn1a;Cdk4;Nfkb1;Arhgef6;E2f3;Akt1;Tgfbr1;Erbb2;Ikbkb;Bax;Ralb;Gadd45a;Cdc42;Tgfbr2;Gadd45b;Brca2;Smad2;Rala;Jak1;Ikbkg
prerank,KEGG_2019_Mouse__mRNA surveillance pathway,0.39789329944245944,0.8135808150185894,8.514851e-01,1.000000e+00,1.000000e+00,3/92,4.53%,Pabpc6;Nxf3;Gm8994
prerank,KEGG_2019_Mouse__GABAergic synapse,-0.40003986074933007,-0.8126920045433378,8.605108e-01,1.000000e+00,1.000000e+00,41/89,21.40%,Gabrr3;Gabrp;Gabra6;Gng13;Gabrq;Kcnj6;Gabra5;Adcy1;Gnai1;Gabrr2;Gabrd;Gm5741;Gabrb2;Gng8;Gabre;Gabra3;Slc12a5;Adcy5;Gnb3;Gabra1;Prkcg;Adcy8;Cacna1d;Gnb5;Gabrg3;Gng7;Abat;Gabrg1;Slc38a3;Gabarapl1;Gabra4;Adcy2;Adcy3;Plcl1;Gng4;Gabrg2;Gad1;Slc6a1;Cacna1b;Slc6a11;Gnao1
prerank,KEGG_2019_Mouse__Renin secretion,0.413018266706522,0.8074528738468284,8.530702e-01,1.000000e+00,1.000000e+00,4/74,4.09%,Calm4;Clca3b;Clca1;Prkg2
prerank,KEGG_2019_Mouse__Sulfur metabolism,-0.5356565076235743,-0.8058119819845697,7.096189e-01,1.000000e+00,1.000000e+00,6/9,29.02%,Bpnt1;Mpst;Sqor;Tst;Papss1;Papss2
prerank,KEGG_2019_Mouse__Calcium signaling pathway,-0.3630930552390091,-0.8048146823743505,9.740000e-01,1.000000e+00,1.000000e+00,68/188,22.19%,Tacr3;Bdkrb2;Htr4;Trhr2;Trhr;Agtr1b;Chrm2;Htr2c;Atp2b3;Tnnc2;Htr5a;Cckar;Chrm5;Calml4;Htr2b;Chrm3;Adcy1;Nos1;Slc8a3;Mylk3;Chrm1;Ryr2;P2rx5;Pln;Camk2a;Grin2a;Grin1;Adra1a;Slc8a2;P2rx6;Pde1c;Cacna1i;Grin2d;Htr6;Cckbr;Prkcg;Itpka;Mylk4;Adra1b;Adcy8;Camk2b;Cacna1d;Gnal;Ppp3r2;Atp2b2;Drd1;Erbb3;Grm1;Phka1;Lhcgr;Mylk;Plcb4;Adcy2;Ryr3;Adcy3;Tacr1;Hrh1;Cacna1b;Camk2g;Plcd1;Slc25a4;Htr2a;Pde1a;Htr5b;Plce1;Itpr3;Bdkrb1;Grm5
prerank,KEGG_2019_Mouse__JAK-STAT signaling pathway,0.3723275495552489,0.8023330230543808,9.531250e-01,1.000000e+00,1.000000e+00,35/163,12.65%,Prl;Ifnl2;Il19;Il12b;Il21;Gh;Il2rb;Stat4;Il2rg;Il2ra;Il23a;Il12rb1;Socs1;Ifng;Il23r;Il7r;Aox4;Csf2rb2;Stat1;Il10;Il9r;Epor;Pim1;Csf2rb;Pdgfra;Ccnd1;Il3ra;Ptpn6;Il27ra;Ccnd2;Ifnk;Il10ra;Pik3cd;Jak3;Cish
prerank,KEGG_2019_Mouse__Melanoma,0.41420584708413527,0.8005090053520533,8.653061e-01,1.000000e+00,1.000000e+00,12/72,12.42%,Fgf6;Cdkn2a;Met;E2f1;Fgf21;Cdk6;Pdgfra;Ccnd1;Bak1;Trp53;Fgf3;Pik3cd
prerank,KEGG_2019_Mouse__Asthma,-0.4845362774506232,-0.8004231631317491,6.964981e-01,1.000000e+00,1.000000e+00,4/23,8.36%,Il13;Il4;Tnf;Prg2
prerank,KEGG_2019_Mouse__Protein processing in endoplasmic reticulum,-0.36196674359664177,-0.7999285265964421,9.549356e-01,1.000000e+00,1.000000e+00,1/162,0.72%,Sel1l2
prerank,KEGG_2019_Mouse__Proteoglycans in cancer,-0.3605631377810439,-0.7992547674813676,9.740000e-01,1.000000e+00,1.000000e+00,11/199,9.13%,Wnt8a;Hpse2;Hoxd10;Nanog;Wnt8b;Wnt9b;Mapk13;Mmp9;Tnf;Wnt16;Igf2
prerank,KEGG_2019_Mouse__Porphyrin and chlorophyll metabolism,0.44120210728105547,0.7992124546031674,7.695238e-01,1.000000e+00,1.000000e+00,3/41,5.31%,Ugt1a9;Alas2;Ugt1a2
prerank,KEGG_2019_Mouse__PPAR signaling pathway,0.39839961160338244,0.7988675501269481,8.784067e-01,1.000000e+00,1.000000e+00,3/84,2.56%,Cyp8b1;Adipoq;Fabp1
prerank,KEGG_2019_Mouse__Thermogenesis,-0.3551015550015911,-0.7971445931563841,9.751037e-01,1.000000e+00,1.000000e+00,128/214,34.26%,Gcg;Cox8c;Bmp8a;Ucp1;Cox8b;Prkag3;Cox6b2;Mapk13;Cox7a1;Adcy10;Adcy1;Creb3l4;Plin1;Nppa;Creb3l1;Prkaa2;Rps6ka2;Cox7b2;Adcy5;Cox6a2;Prkg1;Adcy8;Map3k5;Ppargc1a;Adcy2;Adcy3;Ndufa11;Cpt2;Cpt1b;Ndufv3;Cox20;Cox6a1;Cox8a;Cox6c;Ndufa5;Ndufaf6;Ndufs5;Ndufa1;Prdm16;Uqcr10;Dpf3;Cpt1c;Ndufaf3;Ndufb2;Acsl6;Ndufa4;Cpt1a;Mlst8;Sdha;Ndufb11;Uqcr11;Ndufb6;Ndufaf5;Ndufc1;Ndufb9;Atp5g1;Creb5;Ndufv2;Cox11;Ndufaf7;Ndufs1;Sdhc;Ndufs6;Acsl3;Ndufs3;Cox7a2;Ndufc2;Ndufa12;Atp5l;Atp5k;Ndufb7;Tsc1;Ndufb4;Cyc1;Ndufv1;Ndufb10;Sos2;Ndufa7;Adrb3;Slc25a29;Atp5g3;Uqcrc1;Cox4i1;Ndufa2;Cox7c;Uqcrc2;Atp5a1;Cox5b;Ndufb3;Ndufs7;Slc25a20;Atp5b;Uqcrb;Ndufa13;Cox7b;Smarca2;Ndufa6;Atp5o;Ndufa3;Prkacb;Ndufab1;Cox16;Uqcrq;Rps6kb2;Ndufa10;Atp5j;Ndufs2;Ndufa9;Rheb;Prkag1;Smarcd1;Uqcrh;Gnas;Atp5h;Ndufaf4;Creb3l2;Mgll;Lipe;Atp5j2;Ndufa8;Ndufb8;Cox14;Cox15;Smarcc2;Ndufaf1;Arid1b;Prkab2;Ndufb5
prerank,KEGG_2019_Mouse__Axon guidance,-0.3623501480981358,-0.7957081897952482,9.552529e-01,1.000000e+00,1.000000e+00,83/180,33.61%,Gdf7;Epha6;Sema3b;Slit3;Unc5d;Sema3e;Sema3f;Bmp7;Gnai1;Camk2a;Epha1;Ntn4;Ablim3;Robo1;Shh;Unc5c;Pak6;Trpc1;Efnb3;L1cam;Plxnb3;Boc;Pard6b;Prkcz;Ntng2;Wnt5b;Ntng1;Ephb1;Camk2b;Lrrc4c;Ppp3r2;Efna3;Sema3d;Trpc6;Trpc5;Srgap3;Rgma;Sema6d;Ptch1;Camk2g;Enah;Ryk;Pik3r3;Unc5a;Ablim2;Neo1;Cfl2;Rnd1;Plxnb1;Ptpn11;Epha5;Wnt4;Unc5b;Rgs3;Rhod;Prkca;Ngef;Mapk3;Ppp3cc;Cxcl12;Srgap1;Ephb3;Limk2;Pak7;Arhgef12;Myl9;Lrrc4;Ssh3;Pard3;Dpysl2;Ppp3r1;Sema3g;Epha4;Bmpr1b;Efna1;Robo3;Cdk5;Sema6a;Pik3r1;Sema3c;Plxna2;Ppp3cb;Ptk2
prerank,KEGG_2019_Mouse__Pantothenate and CoA biosynthesis,-0.49964689139663543,-0.7903625332006413,7.201426e-01,1.000000e+00,1.000000e+00,5/18,19.00%,Vnn1;Dpyd;Gadl1;Upb1;Enpp1
prerank,KEGG_2019_Mouse__Amphetamine addiction,0.4057923965823592,0.7898874142300333,8.673267e-01,1.000000e+00,1.000000e+00,1/67,0.09%,Calm4
prerank,KEGG_2019_Mouse__Gastric cancer,0.3693109788987047,0.788580844199186,9.680000e-01,1.000000e+00,1.000000e+00,3/149,2.68%,Reg4;Fgf6;Wnt1
prerank,KEGG_2019_Mouse__NOD-like receptor signaling pathway,0.35417367407382455,0.7871957637414345,9.844961e-01,1.000000e+00,1.000000e+00,55/195,16.70%,Cxcl3;Gbp2b;Nlrp6;Ccl5;Mefv;Oas3;Oas1g;Gbp2;Naip1;Ifi207;Ifi204;Cybb;Ikbke;Irf7;Casp1;Ccl2;Stat1;Antxr2;Oas1a;Gbp3;Ripk3;Gbp5;Pstpip1;Panx1;Gbp7;Rnasel;Birc3;Il1b;Pycard;Mapk11;Cyba;Tmem173;Trpv2;Gsdmd;Casp8;Nlrc4;Casp4;Myd88;Tlr4;Ccl12;Oas2;Nlrp1a;Txnip;Txn1;Stat2;Nod2;Hsp90ab1;Nfkbia;Naip2;Aim2;Ripk1;Nfkb1;Traf2;Tyk2;Irak4
prerank,KEGG_2019_Mouse__Adipocytokine signaling pathway,0.39874977056615346,0.7846893069447393,8.897638e-01,1.000000e+00,1.000000e+00,7/71,11.43%,Adipoq;G6pc;Acsbg2;Nfkbie;Cd36;Acsl5;Tnfrsf1b
prerank,KEGG_2019_Mouse__Glycosylphosphatidylinositol (GPI)-anchor biosynthesis,-0.4676059135605677,-0.7835807025316508,7.095588e-01,1.000000e+00,1.000000e+00,15/25,39.17%,Pigz;Gpld1;Pigp;Piga;Pigb;Pigyl;Pigf;Pigv;Pigg;Pigo;Pigq;Pigh;Pgap1;Pigm;Pigs
prerank,KEGG_2019_Mouse__Inflammatory bowel disease (IBD),0.41765262077807036,0.7826328932236195,8.703340e-01,1.000000e+00,1.000000e+00,23/58,11.76%,Il17f;Il12b;Il21;Foxp3;H2-Eb1;H2-Aa;H2-Ab1;Stat4;Il2rg;Il23a;Il12rb1;Il18r1;Tbx21;Ifng;Il23r;H2-DMb2;Stat1;Il10;Tlr5;H2-DMa;H2-DMb1;Il18rap;Il1b
prerank,KEGG_2019_Mouse__Rap1 signaling pathway,0.3494633874808324,0.7822929042015364,9.898580e-01,1.000000e+00,1.000000e+00,42/209,17.55%,Calm4;Fgf6;Ngf;Itgal;Efna4;Met;F2r;Lpar2;Skap1;Fgf21;Fpr1;Lat;Pdgfra;Rac2;Fyb;Csf1r;Fgf3;Itgb3;Vegfd;Mapk11;Pik3cd;Lpar5;Pfn1;Vasp;Lcp2;Adcy7;Apbb1ip;Thbs1;Actb;Map2k3;Rassf5;Kit;Cnr1;Itgam;Akt1;Sipa1;Nras;Fgfr1;Sipa1l1;Adora2a;Rap1b;Itgb1
prerank,KEGG_2019_Mouse__Riboflavin metabolism,0.5271872404452554,0.7789581431555661,6.990950e-01,1.000000e+00,1.000000e+00,2/8,12.25%,Acp5;Enpp3
prerank,KEGG_2019_Mouse__Signaling pathways regulating pluripotency of stem cells,0.36445841286388225,0.7762282691402985,9.623016e-01,1.000000e+00,1.000000e+00,3/137,2.68%,Hand1;Inhbe;Wnt1
prerank,KEGG_2019_Mouse__Hepatitis B,0.35255983714779243,0.7697038549168198,9.783890e-01,1.000000e+00,1.000000e+00,50/163,19.32%,Birc5;Ccne1;Ccna2;Stat4;Ccna1;Fasl;Creb3l3;E2f1;Ikbke;Irf7;Stat1;Casp3;Bid;Trp53;Mapk11;Pik3cd;Jak3;Casp8;Tgfb1;Myd88;Myc;Apaf1;Nfatc4;E2f2;Tlr4;Tgfb3;Map2k3;Cdkn1a;Ccne2;Nfatc2;Stat2;Nfkbia;Nfkb1;E2f3;Akt1;Tyk2;Irak4;Tgfbr1;Nras;Ddx58;Casp12;Ifih1;Ikbkb;Bax;Tlr2;Traf3;Ptk2b;Hspg2;Nfatc1;Grb2
prerank,KEGG_2019_Mouse__Regulation of lipolysis in adipocytes,0.411291652889901,0.7675062772201183,8.708972e-01,1.000000e+00,1.000000e+00,2/55,4.09%,Cga;Prkg2
prerank,KEGG_2019_Mouse__Choline metabolism in cancer,0.37648938798492754,0.7666578249317366,9.412955e-01,1.000000e+00,1.000000e+00,5/99,7.12%,Pla2g4f;Pla2g4d;Pla2g4c;Slc5a7;Slc44a5
prerank,KEGG_2019_Mouse__Nucleotide excision repair,0.4175096257259135,0.7650663029719068,8.411215e-01,1.000000e+00,1.000000e+00,16/43,22.72%,Pole;Pole2;Rfc5;Pold1;Rfc4;Rfc3;Lig1;Pold4;Rpa3;Rpa2;Gtf2h4;Gtf2h2;Pold2;Pcna;Pole3;Rfc2
prerank,KEGG_2019_Mouse__Synaptic vesicle cycle,0.38868049259333226,0.7649249603124301,9.233792e-01,1.000000e+00,1.000000e+00,2/77,2.00%,Atp6v1b1;Atp6v1g3
prerank,KEGG_2019_Mouse__Acute myeloid leukemia,0.39409736524404043,0.7629066740923982,9.158513e-01,1.000000e+00,1.000000e+00,26/69,16.75%,Ccna1;Bcl2a1d;Flt3;Eif4ebp1;Pim1;Ccnd1;Bcl2a1c;Csf1r;Bcl2a1a;Bcl2a1b;Spi1;Fcgr1;Pik3cd;Pml;Runx1;Myc;Tcf7;Cebpa;Rara;Kit;Nfkb1;Itgam;Akt1;Cd14;Dusp6;Nras
prerank,KEGG_2019_Mouse__Tight junction,0.3489697659884289,0.7621524251544426,9.902724e-01,1.000000e+00,1.000000e+00,4/166,4.97%,Gata4;Myh8;Cldn18;Cldn23
prerank,KEGG_2019_Mouse__ECM-receptor interaction,0.3758997406667191,0.7618300805763757,9.500998e-01,1.000000e+00,1.000000e+00,24/83,13.47%,Gp6;Gp1ba;Hmmr;Spp1;Sdc1;Cd44;Lamb1;Col6a4;Itga4;Itgb7;Ibsp;Tnc;Itga5;Col6a1;Gp9;Sv2c;Thbs4;Cd36;Itgb3;Itga2;Gp5;Fn1;Col4a2;Col4a1
prerank,KEGG_2019_Mouse__Inositol phosphate metabolism,-0.38743768770052617,-0.7592874789992378,9.277344e-01,1.000000e+00,1.000000e+00,38/73,37.24%,Pip5k1b;Plch2;Mtmr7;Aldh6a1;Inpp5j;Itpk1;Pik3c2b;Itpka;Plcb4;Plch1;Plcd1;Plce1;Ocrl;Inpp5a;Pip4k2c;Inpp5f;Ippk;Plcd3;Synj2;Plcb1;Itpkb;Impa1;Mtm1;Plcd4;Tpi1;Pi4ka;Sacm1l;Pik3c3;Pip4k2a;Mtmr2;Inpp5e;Pik3c2g;Mtmr1;Isyna1;Inpp1;Mtmr6;Pi4kb;Impad1
prerank,KEGG_2019_Mouse__Hepatocellular carcinoma,-0.34936994129066923,-0.7591535019750333,9.921722e-01,1.000000e+00,1.000000e+00,14/170,11.52%,Gsta1;Wnt8a;Wnt8b;Wnt9b;Gstm6;Gsta3;Gstt3;Wnt16;Nqo1;Igf2;Gstm2;Gstp2;Gstt1;Wnt11
prerank,KEGG_2019_Mouse__Selenocompound metabolism,-0.48528269624627407,-0.757508449942154,7.360000e-01,1.000000e+00,1.000000e+00,10/17,34.94%,Kyat1;Txnrd3;Papss1;Inmt;Kyat3;Papss2;Pstk;Cth;Mars;Sepsecs
prerank,KEGG_2019_Mouse__AMPK signaling pathway,0.35778557539320593,0.7559048201241138,9.699399e-01,1.000000e+00,1.000000e+00,12/124,12.42%,Adipoq;Ccna2;G6pc;Ccna1;Creb3l3;Pparg;Eif4ebp1;Fbp1;Ccnd1;Cd36;Fbp2;Pik3cd
prerank,KEGG_2019_Mouse__Cocaine addiction,-0.40871291647337926,-0.7558298943848595,8.780952e-01,1.000000e+00,1.000000e+00,21/48,23.63%,Ppp1r1b;Grm2;Th;Slc18a1;Creb3l4;Gnai1;Grin2a;Grin1;Creb3l1;Maob;Adcy5;Grin2d;Grin2b;Ddc;Drd1;Drd2;Fosb;Gpsm1;Slc6a3;Grm3;Gria2
prerank,KEGG_2019_Mouse__Insulin resistance,-0.3630970027561636,-0.7551774210730112,9.682540e-01,1.000000e+00,1.000000e+00,38/108,25.70%,Slc2a2;Slc27a2;Prkag3;Ins2;Tnf;Slc2a4;Creb3l4;Slc27a5;Il6;Ppara;Creb3l1;Pygm;Prkaa2;Rps6ka2;Slc27a6;Srebf1;Prkcz;Acacb;Irs2;Ppargc1a;Mapk10;Ptprf;Agt;Cpt1b;Pik3r3;Nos3;G6pc3;Ptpn11;Pygl;Cpt1a;Pygb;Slc27a1;Gys1;Gfpt2;Prkcq;Creb5;Ppp1r3c;Ppp1r3e
prerank,KEGG_2019_Mouse__Melanogenesis,-0.3643501119860762,-0.7531288565014322,9.681648e-01,1.000000e+00,1.000000e+00,15/100,12.84%,Tyr;Wnt8a;Dct;Wnt8b;Wnt9b;Tyrp1;Calml4;Adcy1;Wnt16;Creb3l4;Gnai1;Wnt11;Camk2a;Creb3l1;Edn1
prerank,KEGG_2019_Mouse__IL-17 signaling pathway,0.37227159019365574,0.7531168716932883,9.520000e-01,1.000000e+00,1.000000e+00,6/90,5.19%,Cxcl3;Il17f;Muc5ac;Fosl1;Ccl17;Cxcl10
prerank,KEGG_2019_Mouse__Pertussis,0.3783572741042175,0.7527058168214151,9.400826e-01,1.000000e+00,1.000000e+00,18/76,12.51%,Calm4;Il12b;Il23a;C3;Itga5;Irf1;Casp1;Il10;C1qb;C1qa;Casp3;C1qc;Il1b;Irf8;Pycard;C1ra;Mapk11;C2
prerank,KEGG_2019_Mouse__Protein digestion and absorption,0.3726014345459312,0.7507810308898434,9.661017e-01,1.000000e+00,1.000000e+00,14/90,7.51%,Cpa1;1810009J06Rik;Gm10334;Pga5;Prss2;Col3a1;Cpa3;Mme;Col5a1;Kcnn4;Slc3a1;Atp1b4;Col18a1;Col6a4
prerank,KEGG_2019_Mouse__Longevity regulating pathway,0.362563516538625,0.7399723143205332,9.844055e-01,1.000000e+00,1.000000e+00,1/102,0.53%,Adipoq
prerank,KEGG_2019_Mouse__Chronic myeloid leukemia,0.38049838082865345,0.739629603034226,9.584980e-01,1.000000e+00,1.000000e+00,26/76,19.73%,Cdkn2a;E2f1;Cdk6;Ccnd1;Bak1;Trp53;Pik3cd;Tgfb1;Runx1;Myc;E2f2;Tgfb3;Cdkn1a;Cdk4;Nfkbia;Shc1;Nfkb1;E2f3;Akt1;Tgfbr1;Nras;Ikbkb;Bax;Hdac2;Grb2;Gadd45a
prerank,KEGG_2019_Mouse__Glycolysis / Gluconeogenesis,-0.3754718995484272,-0.7346833089029814,9.456740e-01,1.000000e+00,1.000000e+00,3/66,5.64%,Aldh3b3;Ldhc;Aldh1a3
prerank,KEGG_2019_Mouse__Mannose type O-glycan biosynthesis,-0.4611498229101413,-0.7344669241067249,7.950664e-01,1.000000e+00,1.000000e+00,13/22,30.49%,Large2;Pomgnt2;Fut9;St3gal3;Chst10;Pomgnt1;B3gat1;Rxylt1;Fktn;B4galt2;B4gat1;Mgat5b;Pomt2
prerank,KEGG_2019_Mouse__Staphylococcus aureus infection,0.36477255600556197,0.7309812180796484,9.678801e-01,1.000000e+00,1.000000e+00,25/85,13.76%,Dsg1c;Cfb;H2-Eb1;H2-Aa;H2-Ab1;Fcgr4;Cfi;Itgal;H2-DMb2;C3;Fpr1;Fpr2;Il10;C1qb;C1qa;C1qc;H2-DMa;H2-DMb1;Selplg;C1ra;Fcgr1;C2;Fcgr2b;Ptafr;Fcgr3
prerank,KEGG_2019_Mouse__Fc gamma R-mediated phagocytosis,0.3686406465143359,0.7300598010430296,9.555126e-01,1.000000e+00,1.000000e+00,39/85,23.83%,Scin;Marcksl1;Lat;Sphk1;Rac2;Hck;Ptprc;Marcks;Fcgr1;Pik3cd;Lyn;Arpc1b;Fcgr2b;Vasp;Inpp5d;Vav1;Syk;Was;Arpc3;Akt1;Wasf2;Ncf1;Arpc2;Plcg2;Arpc4;Cfl1;Vav2;Arpc5;Dock2;Wasf1;Arf6;Cdc42;Asap1;Prkcd;Plcg1;Sphk2;Limk1;Gab2;Pip5k1a
prerank,KEGG_2019_Mouse__Mineral absorption,-0.39197597732152767,-0.7230051997876865,9.006342e-01,1.000000e+00,1.000000e+00,28/44,30.64%,Slc5a1;Slc9a3;Steap1;Atp1a4;Slc39a4;Slc34a2;Slc6a19;Atp1b1;Steap2;S100g;Trf;1300017J02Rik;Cybrd1;Heph;Atp1a3;Trpm6;Atp1a1;Fth1;Atp1a2;Slc46a1;Fxyd2;Atp1b2;Slc26a3;Slc26a6;Slc31a1;Clcn2;Slc26a9;Trpm7
prerank,KEGG_2019_Mouse__Aldosterone synthesis and secretion,0.35732174037840897,0.7211197051758038,9.835729e-01,1.000000e+00,1.000000e+00,5/102,7.39%,Calm4;Cyp21a1;Cyp11a1;Atp1b4;Creb3l3
prerank,KEGG_2019_Mouse__Proximal tubule bicarbonate reclamation,-0.43815311808815627,-0.7178632134714065,8.057143e-01,1.000000e+00,1.000000e+00,13/22,28.66%,Slc9a3;Atp1a4;Car2;Atp1b1;Slc38a3;Atp1a3;Mdh1;Slc4a4;Atp1a1;Atp1a2;Aqp1;Fxyd2;Atp1b2
prerank,KEGG_2019_Mouse__TNF signaling pathway,0.3463656770337728,0.7114938598782153,9.959100e-01,1.000000e+00,1.000000e+00,34/110,16.48%,Cxcl3;Ccl5;Cxcl10;Lta;Ifi47;Mlkl;Il18r1;Creb3l3;Traf1;Irf1;Ccl2;Gm5431;Ripk3;Casp3;Bcl3;Tnfrsf1b;Map3k14;Birc3;Il1b;Mapk11;Pik3cd;Cebpb;Casp8;Mmp14;Socs3;Ccl12;Map2k3;Nod2;Nfkbia;Map3k8;Ripk1;Nfkb1;Traf2;Akt1
prerank,KEGG_2019_Mouse__Relaxin signaling pathway,0.33529258255880495,0.710233004705715,9.959839e-01,1.000000e+00,1.000000e+00,25/129,16.75%,Gngt1;Insl3;Col3a1;Creb3l3;Rxfp3;Mmp2;Gng2;Vegfd;Gngt2;Mapk11;Pik3cd;Col4a2;Col4a1;Tgfb1;Arrb2;Gnb4;Adcy7;Nos2;Gng3;Nfkbia;Shc1;Nfkb1;Akt1;Tgfbr1;Nras
prerank,KEGG_2019_Mouse__Chagas disease (American trypanosomiasis),0.3415322222376861,0.7081050719290773,9.902913e-01,1.000000e+00,1.000000e+00,38/102,18.10%,Il12b;Ccl5;Fasl;Ifng;Cd3d;Cd247;Cd3g;C3;Cd3e;Ccl2;Il10;C1qb;C1qa;C1qc;Il1b;Mapk11;Pik3cd;Tlr9;Casp8;Gna14;Tgfb1;Myd88;Ifngr1;Nos2;Tlr4;Ccl12;Tgfb3;Calr;Nfkbia;Ifngr2;Nfkb1;Akt1;Irak4;Tgfbr1;Gna15;Plcb2;Ikbkb;Tlr2
prerank,KEGG_2019_Mouse__Cholesterol metabolism,0.3835597747260522,0.7064477674037546,9.213710e-01,1.000000e+00,1.000000e+00,2/48,4.38%,Angptl8;Apoc2
prerank,KEGG_2019_Mouse__Cell adhesion molecules (CAMs),0.3256763732087286,0.7062084293645959,9.960396e-01,1.000000e+00,1.000000e+00,42/159,11.88%,Cldn18;Tigit;Glycam1;Ctla4;H2-Eb1;Pdcd1lg2;H2-Aa;Cldn23;H2-Ab1;Icos;Sdc1;H2-M2;Cd4;H2-M5;Vcan;Spn;Cd40;Itgal;H2-Q7;H2-DMb2;Itga4;Cd2;Cd226;Cd6;Itgb7;Cd28;H2-T22;H2-K1;Cd274;Cd276;Cd8b1;H2-Q4;Gm11127;Cd8a;H2-D1;Siglec1;H2-Q6;H2-DMa;H2-DMb1;H2-T23;Ptprc;Selplg
prerank,KEGG_2019_Mouse__Amoebiasis,0.34159818932313335,0.705667148842965,9.816327e-01,1.000000e+00,1.000000e+00,24/103,14.64%,Il12b;Arg1;Col3a1;Il1r2;Serpinb9b;Ifng;Lamb1;Rab7b;Il10;Casp3;Arg2;Cd1d1;Il1b;Pik3cd;Serpinb6b;Actn1;Fn1;Col4a2;Col4a1;Gna14;Tgfb1;Nos2;Tlr4;Tgfb3
prerank,KEGG_2019_Mouse__Alzheimer disease,-0.32339522202044546,-0.7041620840923409,1.000000e+00,1.000000e+00,1.000000e+00,97/165,31.28%,Cox8c;Cox8b;Cox6b2;Calml4;Snca;Tnf;Cox7a1;Nos1;Ide;Grin2a;Grin1;Aph1c;Cox7b2;Cyct;Aph1b;Grin2d;Cox6a2;Grin2b;Mapt;Cacna1d;Ppp3r2;Apbb1;Lpl;Bace2;App;Plcb4;Ryr3;Ndufa11;Ndufv3;Cox6a1;Cox8a;Itpr3;Cox6c;Ndufa5;Ndufs5;Ndufa1;Uqcr10;Ndufb2;Itpr1;Ndufa4;Sdha;Ndufb11;Uqcr11;Ndufb6;Ndufc1;Ndufb9;Atp5g1;Rtn4;Ndufv2;Ndufs1;Casp9;Plcb1;Hsd17b10;Mapk3;Sdhc;Apoe;Ppp3cc;Ndufs6;Ndufs3;Cox7a2;Ndufc2;Ndufa12;Calm3;Ndufb7;Ndufb4;Cyc1;Ndufv1;Ndufb10;Ndufa7;Atp5g3;Uqcrc1;Cox4i1;Ndufa2;Atp2a2;Cox7c;Uqcrc2;Atp5a1;Cox5b;Ndufb3;Ndufs7;Atp5b;Uqcrb;Ndufa13;Cox7b;Ndufa6;Eif2ak3;Atp5o;Ndufa3;Atp2a3;Ndufab1;Capn2;Ppp3r1;Uqcrq;Ndufa10;Rtn3;Fas;Atp5j
prerank,KEGG_2019_Mouse__Herpes simplex virus 1 infection,-0.2965659375740934,-0.7039328892743554,1.000000e+00,1.000000e+00,1.000000e+00,8/411,5.50%,H2-M10.6;Nxf7;Zfp936;Zfp987;Ifnb1;Zfp600;Gm14393;H2-Q2
prerank,KEGG_2019_Mouse__Human papillomavirus infection,0.3016078890710835,0.7023748040436603,1.000000e+00,1.000000e+00,1.000000e+00,56/348,13.57%,Atp6v1b1;Atp6v1g3;Wnt1;Ccne1;Ccna2;Oasl1;Spp1;H2-M2;Ccna1;H2-M5;Fasl;H2-Q7;Lamb1;Creb3l3;Col6a4;Itga4;E2f1;Itgb7;Ikbke;Ibsp;Tnc;Isg15;Itga5;Irf1;H2-T22;H2-K1;Wnt10b;Stat1;Eif4ebp1;Ptger4;H2-Q4;Gm11127;Col6a1;H2-D1;Wnt2b;Thbs4;Casp3;Cdk6;H2-Q6;Ccnd1;Bak1;H2-T23;Oasl2;Trp53;Ccnd2;Itgb3;Rbl1;Itga2;Pik3cd;H2-M3;Fn1;Col4a2;Hes7;Casp8;Col4a1;Atp6v0a4
prerank,KEGG_2019_Mouse__Cortisol synthesis and secretion,0.3645603831215538,0.7003130858703349,9.821074e-01,1.000000e+00,1.000000e+00,2/69,3.52%,Cyp11b2;Cyp21a1
prerank,KEGG_2019_Mouse__Insulin signaling pathway,0.3264503083501557,0.6987031236003343,9.959184e-01,1.000000e+00,1.000000e+00,1/138,0.09%,Calm4
prerank,KEGG_2019_Mouse__Prion diseases,0.4075167614043505,0.6925815086537932,8.976378e-01,1.000000e+00,1.000000e+00,6/34,11.76%,Ccl5;C6;C1qb;C1qa;C1qc;Il1b
prerank,KEGG_2019_Mouse__Tryptophan metabolism,-0.36972740432457496,-0.6900220416720706,9.453125e-01,1.000000e+00,1.000000e+00,2/47,4.43%,Cyp1a1;4930438A08Rik
prerank,"KEGG_2019_Mouse__Glycine, serine and threonine metabolism",-0.38568730471435275,-0.6879780976599028,9.195876e-01,1.000000e+00,1.000000e+00,6/40,8.20%,Agxt2;Tdh;Gnmt;Dmgdh;Bhmt;Dao
prerank,KEGG_2019_Mouse__Colorectal cancer,0.35001085187538006,0.6811276778550173,9.938017e-01,1.000000e+00,1.000000e+00,29/88,21.71%,Birc5;Ereg;Casp3;Rac2;Ccnd1;Bak1;Bcl2l11;Pmaip1;Trp53;Pik3cd;Tgfb1;Myc;Msh6;Tgfb3;Tcf7;Cdkn1a;Akt1;Tgfbr1;Nras;Bax;Ralb;Axin1;Grb2;Gadd45a;Msh2;Dcc;Jun;Tgfbr2;Gadd45b
prerank,KEGG_2019_Mouse__MicroRNAs in cancer,-0.3157637345106387,-0.6770159707251974,1.000000e+00,1.000000e+00,1.000000e+00,2/142,2.58%,Tnn;Hoxd10
prerank,"KEGG_2019_Mouse__Neomycin, kanamycin and gentamicin biosynthesis",0.4965577050248122,0.6741247111291153,8.283753e-01,1.000000e+00,1.000000e+00,3/5,19.20%,Gck;Hk3;Hk2
prerank,KEGG_2019_Mouse__Fluid shear stress and atherosclerosis,-0.31128144648306116,-0.6711852843947913,1.000000e+00,1.000000e+00,1.000000e+00,25/142,16.35%,Gsta1;Sele;Mapk13;Calml4;Mmp9;Gstm6;Tnf;Gsta3;Gstt3;Nqo1;Trpv4;Gstm2;Bmp4;Nppc;Il1a;Gstp2;Gstt1;Edn1;Prkaa2;Gstm1;Mgst1;Cav3;Prkcz;Pdgfa;Gsta4
prerank,KEGG_2019_Mouse__Autophagy,-0.31261713043564393,-0.6707472634716994,1.000000e+00,1.000000e+00,1.000000e+00,67/129,40.56%,Irs4;Ins2;Prap1;Rragd;Ppp2cb;Irs3;Deptor;Prkaa2;Bnip3;Irs2;Gabarapl1;Mapk10;Pik3r3;Atg4c;Itpr1;Atg9a;Mlst8;Rraga;Atg10;Gabarapl2;Stx17;Prkcq;Rab33b;Trp53inp2;Mapk3;Rragb;Atg4a;Tsc1;Lamp2;Eif2ak3;Prkacb;Dapk2;Rps6kb2;Pik3c3;Rheb;Wipi1;Atg4d;Rb1cc1;Bcl2l1;Pik3r1;Vamp8;Pdpk1;Traf6;Mapk9;Igf1r;Lamp1;Rab7;Prkaa1;Nrbf2;Prkaca;Atg3;Rubcn;Bcl2;Zfyve1;Atg13;Ppp2ca;Atg14;Hras;Atg16l2;Atg12;Mapk8;Akt3;Mras;Mapk1;Supt20;Mtor;Akt2
prerank,KEGG_2019_Mouse__Ubiquitin mediated proteolysis,-0.31180861703044915,-0.6696521977345646,1.000000e+00,1.000000e+00,1.000000e+00,5/137,10.02%,Aire;Cblc;Cul3;Birc7;Ube2u
prerank,KEGG_2019_Mouse__Pentose and glucuronate interconversions,0.39187502788945805,0.6693358426043438,9.077869e-01,1.000000e+00,1.000000e+00,3/33,6.64%,Ugt1a9;Ugt1a2;Akr1b8
prerank,KEGG_2019_Mouse__Leukocyte transendothelial migration,-0.31668025976694736,-0.6682987116271586,1.000000e+00,1.000000e+00,1.000000e+00,13/114,11.59%,Cldn17;Itgb2l;Cldn22;Cldn3;Cldn20;Cldn2;Mapk13;Cldn9;Mmp9;Cldn15;Cldn1;Gnai1;Rapgef4
prerank,KEGG_2019_Mouse__Carbohydrate digestion and absorption,-0.371561427659906,-0.6680527844415711,9.588477e-01,1.000000e+00,1.000000e+00,7/43,9.75%,Gnat3;Slc5a1;Lct;Slc2a2;Mgam;Atp1a4;Amy1
prerank,KEGG_2019_Mouse__Non-alcoholic fatty liver disease (NAFLD),-0.3100207413075926,-0.6667527686715158,1.000000e+00,1.000000e+00,1.000000e+00,73/144,31.26%,Cox8c;Cyp2e1;Cox8b;Prkag3;Ins2;Cox6b2;Tnf;Cox7a1;Il1a;Il6;Ppara;Prkaa2;Cox7b2;Cyct;Cox6a2;Srebf1;Lepr;Irs2;Map3k5;Adipor2;Ndufa11;Mapk10;Ndufv3;Cox6a1;Cox8a;Cox6c;Ndufa5;Pik3r3;Ndufs5;Ndufa1;Uqcr10;Ndufb2;Ndufa4;Sdha;Ndufb11;Uqcr11;Ndufb6;Ndufc1;Pklr;Ndufb9;Ndufv2;Ndufs1;Sdhc;Ndufs6;Ndufs3;Cox7a2;Ndufc2;Ndufa12;Ndufb7;Ndufb4;Cyc1;Ndufv1;Ndufb10;Ndufa7;Uqcrc1;Cox4i1;Ndufa2;Cox7c;Uqcrc2;Cox5b;Ndufb3;Ndufs7;Uqcrb;Ndufa13;Cox7b;Ndufa6;Eif2ak3;Ndufa3;Ndufab1;Uqcrq;Insr;Ndufa10;Fas
prerank,KEGG_2019_Mouse__Cushing syndrome,0.30424234358152863,0.6628017980354355,1.000000e+00,1.000000e+00,1.000000e+00,16/159,11.23%,Wnt1;Cyp11b2;Cyp21a1;Ccne1;Cyp11a1;Cdkn2a;Creb3l3;E2f1;Wnt10b;Agtr1a;Ahr;Cdkn2c;Wnt2b;Cdk6;Ccnd1;Hsd3b2
prerank,KEGG_2019_Mouse__ABC transporters,-0.36112958746898965,-0.656974726938814,9.694073e-01,1.000000e+00,1.000000e+00,17/48,26.39%,Abcc2;Abca4;Abca8a;Abcc8;Abca6;Abca13;Abca14;Defb1;Abca5;Abca2;Abcc4;Abca7;Abcc10;Abca8b;Abcc1;Abcg4;Abcb10
prerank,KEGG_2019_Mouse__Fatty acid degradation,-0.35296931201491427,-0.6556617626578612,9.902724e-01,1.000000e+00,1.000000e+00,30/50,28.54%,Cyp4a12b;Eci3;Acaa1b;Ehhadh;Aldh2;Acaa2;Acadvl;Acat1;Hadhb;Cpt2;Cpt1b;Acaa1a;Eci1;Aldh7a1;Gcdh;Echs1;Cpt1c;Acsl6;Cpt1a;Hadh;Acox1;Acadm;Acadl;Acadsb;Acsbg1;Aldh3a2;Acsl3;Eci2;Aldh9a1;Hadha
prerank,KEGG_2019_Mouse__Basal cell carcinoma,-0.3406430435188774,-0.6536299012143633,9.919028e-01,1.000000e+00,1.000000e+00,19/63,22.22%,Wnt8a;Wnt8b;Wnt9b;Wnt16;Bmp4;Wnt11;Shh;Bmp2;Wnt5b;Hhip;Wnt6;Fzd9;Gli1;Fzd1;Ptch1;Fzd7;Ddb2;Ptch2;Kif7
prerank,KEGG_2019_Mouse__Ferroptosis,-0.36878648791805907,-0.6529367438345903,9.650206e-01,1.000000e+00,1.000000e+00,13/40,27.00%,Alox15;Sat2;Prnp;Trf;1300017J02Rik;Map1lc3a;Gpx4;Acsl6;Gss;Gclc;Cp;Fth1;Acsl3
prerank,KEGG_2019_Mouse__Hepatitis C,0.300221630422439,0.6524650400222527,1.000000e+00,1.000000e+00,1.000000e+00,45/158,17.51%,Cldn18;Cldn23;Cxcl10;Oas3;Oas1g;Fasl;Ifit1bl1;Ifng;E2f1;Ikbke;Irf7;Stat1;Oas1a;Casp3;Cdk6;Ccnd1;Bak1;Bid;Rnasel;Trp53;Pik3cd;Nr1h3;Rsad2;Casp8;Myc;Socs3;Apaf1;E2f2;Oas2;Ifit1;Cdkn1a;Cdk4;Stat2;Nfkbia;Eif2s1;Ripk1;Nfkb1;Traf2;E2f3;Akt1;Tyk2;Nras;Ddx58;Tradd;Ywhah
prerank,KEGG_2019_Mouse__Viral myocarditis,-0.3281707250750244,-0.649388436196811,9.979424e-01,1.000000e+00,1.000000e+00,4/76,5.50%,H2-M10.6;Cd55b;Itgb2l;H2-Q2
prerank,KEGG_2019_Mouse__Gastric acid secretion,0.32347862275000133,0.6408618902298628,9.978632e-01,1.000000e+00,1.000000e+00,5/74,7.14%,Calm4;Mylk2;Sst;Slc9a4;Atp1b4
prerank,KEGG_2019_Mouse__Arrhythmogenic right ventricular cardiomyopathy (ARVC),-0.3195511158413943,-0.6373658803248766,9.959839e-01,1.000000e+00,1.000000e+00,35/72,29.50%,Dsp;Itgb6;Dsg2;Cacna2d3;Ryr2;Itga11;Cacnb4;Cacng5;Ctnna3;Itgb8;Cacng2;Sgcb;Dsc2;Itga10;Sgcd;Cacna1d;Dmd;Cacna2d2;Itgb4;Des;Actn2;Sgcg;Cacng7;Pkp2;Lama2;Itga8;Cacng3;Cacnb2;Itga7;Cacnb1;Sgca;Cacna2d1;Atp2a2;Cacng8;Cacng4
prerank,KEGG_2019_Mouse__Breast cancer,0.2944640896746041,0.6326346116842325,1.000000e+00,1.000000e+00,1.000000e+00,18/147,12.81%,Fgf6;Wnt1;Brca1;E2f1;Nfkb2;Fgf21;Tnfsf11;Wnt10b;Wnt2b;Cdk6;Ccnd1;Bak1;Frat2;Trp53;Fgf3;Esr1;Pik3cd;Dll3
prerank,KEGG_2019_Mouse__Amyotrophic lateral sclerosis (ALS),-0.3373975210268254,-0.6325595577583475,9.903475e-01,1.000000e+00,1.000000e+00,14/52,18.46%,Mapk13;Tnf;Nos1;Nefm;Nefh;Grin2a;Grin1;Nefl;Cyct;Gria1;Grin2d;Grin2b;Ppp3r2;Map3k5
prerank,KEGG_2019_Mouse__Other glycan degradation,-0.3986083972951866,-0.6324873099005857,9.023438e-01,1.000000e+00,1.000000e+00,11/18,36.50%,Neu2;Neu4;Neu3;Fuca1;Hexdc;Aga;Gba2;Man2c1;Fuca2;Man2b2;Neu1
prerank,KEGG_2019_Mouse__Glutathione metabolism,-0.33286680880339076,-0.6306481192370118,9.941061e-01,1.000000e+00,1.000000e+00,22/63,20.31%,Gsta1;Gpx2;Ggt6;Gpx6;Gstm6;Gsta3;Gstt3;Gstm2;Gstp2;Gstt1;Gstm1;Gpx5;Mgst1;Gstk1;Gsta4;Nat8;Gstp1;Nat8f2;Nat8f6;Gpx4;Gstm5;Gstt2
prerank,"KEGG_2019_Mouse__Parathyroid hormone synthesis, secretion and action",-0.30601877696390645,-0.630445262222783,9.961165e-01,1.000000e+00,1.000000e+00,19/107,14.21%,Cyp27b1;Casr;Rxrg;Mmp13;Bglap2;Kl;Sost;Slc34a3;Adcy1;Creb3l4;Gnai1;Mmp17;Slc34a2;Fgf23;Creb3l1;Gcm2;Pthlh;Mmp24;Adcy5
prerank,KEGG_2019_Mouse__Histidine metabolism,0.37858703361560553,0.6273973121642329,9.075975e-01,1.000000e+00,1.000000e+00,4/24,6.97%,Ftcd;Aldh3a1;Amdhd1;Hal
prerank,KEGG_2019_Mouse__Glycosphingolipid biosynthesis,-0.33997407489751197,-0.6272067638862139,9.900000e-01,1.000000e+00,1.000000e+00,18/45,27.19%,Gm34653;Fut1;Sec1;A4galt;B3galt5;B3galt2;St6galnac3;St8sia5;Fut9;Fut2;St3gal3;B3gnt4;St6galnac5;Slc33a1;St6galnac6;St3gal5;B4galt2;Naga
prerank,"KEGG_2019_Mouse__Phenylalanine, tyrosine and tryptophan biosynthesis",-0.4231297805152703,-0.6220592542537664,8.989547e-01,1.000000e+00,1.000000e+00,1/7,4.43%,4930438A08Rik
prerank,KEGG_2019_Mouse__Hypertrophic cardiomyopathy (HCM),-0.30270138046284617,-0.6179960015367264,1.000000e+00,1.000000e+00,1.000000e+00,40/85,28.94%,Prkag3;Itgb6;Ace;Tnf;Cacna2d3;Myh7;Il6;Ryr2;Itga11;Cacnb4;Edn1;Cacng5;Prkaa2;Itgb8;Cacng2;Sgcb;Tgfb2;Itga10;Sgcd;Cacna1d;Dmd;Cacna2d2;Itgb4;Myl2;Des;Agt;Tpm2;Sgcg;Cacng7;Lama2;Itga8;Cacng3;Cacnb2;Itga7;Cacnb1;Sgca;Myh6;Cacna2d1;Atp2a2;Cacng8
prerank,KEGG_2019_Mouse__Focal adhesion,-0.2746267730918766,-0.6061478508976749,1.000000e+00,1.000000e+00,1.000000e+00,62/198,28.47%,Tnn;Col2a1;Itgb6;Col6a3;Col9a3;Col6a6;Col9a1;Rasgrf1;Mylk3;Pdgfd;Itga11;Shc2;Flnc;Vwf;Pak6;Itgb8;Prkcg;Cav3;Col4a4;Pdgfa;Mylk4;Reln;Tnr;Itga10;Egf;Shc4;Col9a2;Col6a5;Itgb4;Myl2;Lama5;Mylk;Col4a6;Mapk10;Col1a1;Col4a3;Pik3r3;Dock1;Lamc2;Braf;Comp;Lama2;Itga8;Vegfb;Ppp1r12b;Mylpf;Shc3;Prkca;Itga7;Lamb2;Parva;Flt4;Cav1;Mapk3;Col1a2;Vegfc;Pak7;Arhgap5;Sos2;Myl9;Tln2;Egfr
prerank,KEGG_2019_Mouse__Terpenoid backbone biosynthesis,-0.3744041992828152,-0.6035630072227476,9.302326e-01,1.000000e+00,1.000000e+00,18/22,43.72%,Acat1;Fnta;Zmpste24;Icmt;Pcyox1;Dhdds;Acat2;Pmvk;Mvk;Hmgcs2;Ggps1;Fntb;Fdps;Nus1;Pdss2;Hmgcs1;Idi1;Mvd
prerank,KEGG_2019_Mouse__Glucagon signaling pathway,-0.2892650449490319,-0.5969856590379137,1.000000e+00,1.000000e+00,1.000000e+00,33/101,24.63%,Gcg;Ldhc;Slc2a2;Prkag3;Calml4;Creb3l4;Pgam2;Ppara;Camk2a;Creb3l1;Pygm;Prkaa2;Acacb;Camk2b;Ldhb;Ppp3r2;Phka1;Ppargc1a;Plcb4;Adcy2;Camk2g;Cpt1b;Itpr3;Cpt1c;G6pc3;Itpr1;Pfkl;Pygl;Cpt1a;Pygb;Gys1;Acaca;Pdhb
prerank,KEGG_2019_Mouse__Gap junction,-0.2957036363079484,-0.5961605512635216,1.000000e+00,1.000000e+00,1.000000e+00,28/86,22.19%,Tuba8;Htr2c;Tubb1;Htr2b;Adcy1;Gnai1;Tuba3b;Pdgfd;Gjd2;Adcy5;Prkcg;Prkg1;Pdgfa;Adcy8;Tuba4a;Egf;Gucy1a1;Tubb4a;Drd1;Grm1;Drd2;Plcb4;Adcy2;Adcy3;Tubb4b;Htr2a;Itpr3;Grm5
prerank,KEGG_2019_Mouse__Amino sugar and nucleotide sugar metabolism,-0.3255490369844345,-0.5944310745984873,9.937888e-01,1.000000e+00,1.000000e+00,18/48,31.75%,Chit1;Cyb5r2;Chia1;Cyb5rl;Galk1;Pgm3;Gnpda2;Pgm1;Hk1;Gfpt2;Uxs1;Pmm1;Gpi1;Ugp2;Fpgt;Gmds;Nanp;Galt
prerank,KEGG_2019_Mouse__Sulfur relay system,-0.4033864056917451,-0.5909547965814017,9.080675e-01,1.000000e+00,1.000000e+00,4/8,27.61%,Nfs1;Mpst;Mocs2;Tst
prerank,KEGG_2019_Mouse__Bladder cancer,0.3373976777150822,0.5866096442255005,9.899598e-01,1.000000e+00,1.000000e+00,13/39,17.25%,Cdkn2a;E2f1;Ccnd1;Mmp2;Trp53;Myc;E2f2;Thbs1;Cdkn1a;Cdk4;E2f3;Nras;Erbb2
prerank,KEGG_2019_Mouse__Adrenergic signaling in cardiomyocytes,0.2750845066632319,0.5862633171782882,1.000000e+00,1.000000e+00,1.000000e+00,15/145,12.37%,Calm4;Tnnt2;Kcne1;Atp1b4;Creb3l3;Cacnb3;Cacng6;Agtr1a;Cacna2d4;Adrb1;Cacng1;Kcnq1;Pik3r5;Cacna1f;Mapk11
prerank,KEGG_2019_Mouse__Basal transcription factors,-0.32897367201924227,-0.5858601074962146,9.894068e-01,1.000000e+00,1.000000e+00,1/42,4.20%,Taf7l
prerank,KEGG_2019_Mouse__Fatty acid biosynthesis,-0.3796852723829003,-0.5840440955137364,9.249084e-01,1.000000e+00,1.000000e+00,7/14,29.49%,Olah;Acacb;Acsl6;Acaca;Acsbg1;Acsl3;1700061G19Rik
prerank,KEGG_2019_Mouse__Cholinergic synapse,0.2811155484768275,0.5826308928968549,1.000000e+00,1.000000e+00,1.000000e+00,4/112,7.39%,Gngt1;Chat;Slc5a7;Creb3l3
prerank,KEGG_2019_Mouse__Non-small cell lung cancer,0.30076579292233185,0.5687041532916759,1.000000e+00,1.000000e+00,1.000000e+00,22/66,19.73%,Cdkn2a;E2f1;Cdk6;Ccnd1;Bak1;Trp53;Pik3cd;Jak3;E2f2;Eml4;Cdkn1a;Cdk4;Rassf5;E2f3;Akt1;Nras;Erbb2;Plcg2;Bax;Stk4;Grb2;Gadd45a
prerank,KEGG_2019_Mouse__Endocytosis,0.24753659715284704,0.5681519788175539,1.000000e+00,1.000000e+00,1.000000e+00,25/260,12.96%,Cxcr1;Izumo1r;Il2rb;H2-M2;H2-M5;Il2rg;Il2ra;H2-Q7;Grk1;H2-T22;H2-K1;H2-Q4;Gm11127;H2-D1;H2-Q6;Pdgfra;Ccr5;Cxcr4;Psd4;Acap1;H2-T23;H2-M3;Arpc1b;Pml;Pip5kl1
prerank,KEGG_2019_Mouse__Hedgehog signaling pathway,-0.31322705033445575,-0.5680205601110849,9.917184e-01,1.000000e+00,1.000000e+00,12/44,23.49%,Cul3;Shh;Boc;Hhip;Dhh;Gli1;Ihh;Ptch1;Ptch2;Kif3a;Kif7;Evc
prerank,KEGG_2019_Mouse__Thyroid cancer,0.32090259974501295,0.5597378971783773,9.858012e-01,1.000000e+00,1.000000e+00,11/37,18.03%,Ntrk1;Pparg;Ccnd1;Bak1;Trp53;Myc;Tcf7;Cdkn1a;Tpm3;Nras;Bax
prerank,KEGG_2019_Mouse__Dilated cardiomyopathy (DCM),-0.2714643135554169,-0.5589516961217257,1.000000e+00,1.000000e+00,1.000000e+00,41/89,28.94%,Itgb6;Tnf;Adcy1;Cacna2d3;Myh7;Ryr2;Pln;Itga11;Cacnb4;Cacng5;Adcy5;Itgb8;Cacng2;Sgcb;Tgfb2;Adcy8;Itga10;Sgcd;Cacna1d;Dmd;Cacna2d2;Itgb4;Myl2;Des;Adcy2;Adcy3;Agt;Tpm2;Sgcg;Cacng7;Lama2;Itga8;Cacng3;Cacnb2;Itga7;Cacnb1;Sgca;Myh6;Cacna2d1;Atp2a2;Cacng8
prerank,KEGG_2019_Mouse__Lysine degradation,-0.28019661023944786,-0.5349718382266456,1.000000e+00,1.000000e+00,1.000000e+00,24/58,29.75%,Prdm6;Ehhadh;Aldh2;Bbox1;Dhtkd1;Pipox;Acat1;Aass;Tmlhe;Aldh7a1;Gcdh;Echs1;Camkmt;Hadh;Hykk;Phykpl;Setd3;Ezh1;Aldh3a2;Kmt2c;Aldh9a1;Hadha;Kmt2a;Setd7
prerank,KEGG_2019_Mouse__ErbB signaling pathway,-0.26756978370227147,-0.5300638943624497,1.000000e+00,1.000000e+00,1.000000e+00,33/84,33.70%,Nrg3;Camk2a;Shc2;Nrg4;Pak6;Nrg2;Prkcg;Tgfa;Egf;Camk2b;Shc4;Erbb3;Mapk10;Camk2g;Pik3r3;Braf;Araf;Areg;Erbb4;Shc3;Prkca;Mapk3;Pak7;Sos2;Egfr;Map2k7;Gab1;Prkcb;Rps6kb2;Btc;Pik3r1;Ptk2;Mapk9
prerank,KEGG_2019_Mouse__Folate biosynthesis,0.29621066135011653,0.49818797412582605,9.888889e-01,1.000000e+00,1.000000e+00,3/26,6.64%,Tph2;Tph1;Akr1b8
prerank,KEGG_2019_Mouse__HIF-1 signaling pathway,-0.23928440845257082,-0.4969413566037839,1.000000e+00,1.000000e+00,1.000000e+00,33/103,31.08%,Ins2;Egln1;Eno2;Il6;Serpine1;Eno4;Camk2a;Nppa;Edn1;Angpt1;Prkcg;Egf;Camk2b;Trf;1300017J02Rik;Camk2g;Pik3r3;Aldoa;Nos3;Hk1;Pfkl;Pdhb;Prkca;Pgk1;Mapk3;Slc2a1;Egfr;Eno1;Pfkfb3;Vegfa;Prkcb;Rps6kb2;Insr
prerank,KEGG_2019_Mouse__Vasopressin-regulated water reabsorption,-0.26064655998785446,-0.4834371448657146,1.000000e+00,1.000000e+00,1.000000e+00,30/43,37.57%,Dync1i1;Aqp2;Creb3l4;Creb3l1;Arhgdig;Dync2li1;Avpr2;Adcy3;Dync2h1;Creb5;Vamp2;Dync1li2;Dctn6;Rab5b;Dynll2;Aqp4;Dctn2;Prkacb;Gnas;Creb3l2;Rab11b;Dctn1;Dynll1;Dync1i2;Creb3;Prkaca;Adcy9;Rab5a;Dctn4;Nsf
prerank,KEGG_2019_Mouse__Other types of O-glycan biosynthesis,0.30032330908579774,0.4772249260429463,9.941406e-01,1.000000e+00,1.000000e+00,1/22,6.26%,Gxylt2
prerank,KEGG_2019_Mouse__AGE-RAGE signaling pathway in diabetic complications,-0.23346891777669443,-0.4750407968630249,1.000000e+00,1.000000e+00,1.000000e+00,32/101,27.52%,Sele;Agtr1b;Mapk13;Tnf;Il1a;Il6;Serpine1;Edn1;Prkcz;Col4a4;Tgfb2;Egr1;Plcb4;Col4a6;Mapk10;Col1a1;Agt;Plcd1;Col4a3;Plce1;Pik3r3;Nos3;F3;Vegfb;Plcd3;Prkca;Plcb1;Mapk3;Smad4;Col1a2;Vegfc;Vcam1
prerank,KEGG_2019_Mouse__FoxO signaling pathway,0.22437921551836196,0.4709332344351558,1.000000e+00,1.000000e+00,1.000000e+00,22/132,16.75%,Ccnb1;Plk1;G6pc;Ccnb2;Fasl;Il7r;Plk4;Il10;Ccnd1;Skp2;Bcl2l11;Ccnd2;Mapk11;Pik3cd;Foxo6;Tgfb1;Tgfb3;Cdkn1a;Ccng2;Akt1;Tgfbr1;Nras
prerank,KEGG_2019_Mouse__RNA polymerase,0.27854419195833463,0.4667669208202254,9.919840e-01,1.000000e+00,1.000000e+00,28/28,72.17%,Polr1b;Polr1e;Znrd1;Polr3c;Polr2h;Polr1d;Polr2g;Polr2j;Polr3k;Twistnb;Polr2c;Polr2a;Polr2e;Polr1c;Polr3f;Polr2d;Polr3b;Polr2f;Polr2b;Polr2i;Polr3g;Polr3d;Polr3a;Polr3gl;Polr3e;Polr3h;Polr1a;Polr2l
prerank,KEGG_2019_Mouse__Vitamin B6 metabolism,-0.2812679090316136,-0.42621999499737495,9.872958e-01,1.000000e+00,1.000000e+00,5/9,31.37%,Aox1;Psat1;Pnpo;Aox2;Aox3
prerank,KEGG_2019_Mouse__Adherens junction,0.21705278973594475,0.419135618816248,1.000000e+00,1.000000e+00,1.000000e+00,25/72,23.49%,Met;Rac2;Ptpn6;Snai2;Actn1;Actb;Tcf7;Was;Iqgap1;Ptpn1;Wasf2;Tgfbr1;Fgfr1;Erbb2;Nlk;Fyn;Wasf1;Cdc42;Actg1;Tgfbr2;Nectin3;Ep300;Smad2;Ptprj;Nectin2
prerank,KEGG_2019_Mouse__Fructose and mannose metabolism,0.22895406409805488,0.39158750617418786,1.000000e+00,1.000000e+00,1.000000e+00,9/34,17.23%,Akr1b8;Fbp1;Fbp2;Aldob;Aldoart1;Tkfc;Hk3;Pfkfb1;Tsta3
prerank,KEGG_2019_Mouse__Mitophagy,0.2058654242096204,0.39122750497888203,1.000000e+00,1.000000e+00,1.000000e+00,9/63,17.17%,Atg9b;E2f1;Rab7b;Trp53;Cited2;Rras2;Nras;Calcoco2;Pgam5
prerank,KEGG_2019_Mouse__Endometrial cancer,0.20038127826067462,0.37383349759156825,1.000000e+00,1.000000e+00,1.000000e+00,14/58,19.73%,Ccnd1;Bak1;Trp53;Pik3cd;Myc;Tcf7;Cdkn1a;Akt1;Nras;Erbb2;Bax;Axin1;Grb2;Gadd45a
prerank,KEGG_2019_Mouse__SNARE interactions in vesicular transport,-0.21509647530122958,-0.3700348430485395,1.000000e+00,1.000000e+00,1.000000e+00,18/33,43.01%,Stx1b;Vamp5;Stx17;Vamp2;Stx18;Bet1;Vti1b;Vamp1;Use1;Vamp8;Vamp7;Gosr1;Bet1l;Sec22b;Stx4a;Stx5a;Vamp4;Stx6
prerank,KEGG_2019_Mouse__Notch signaling pathway,-0.1954501753500935,-0.35894496699919576,1.000000e+00,1.000000e+00,1.000000e+00,10/49,27.55%,Rbpjl;Aph1c;Aph1b;Dtx1;Hes1;Hes5;Jag2;Kat2b;Dtx3;Dvl1
prerank,KEGG_2019_Mouse__Renal cell carcinoma,-0.1656737868861887,-0.3216800292168438,1.000000e+00,9.999802e-01,1.000000e+00,30/68,40.56%,Egln1;Pak6;Tgfa;Arnt2;Tgfb2;Pik3r3;Braf;Araf;Ptpn11;Mapk3;Pak7;Sos2;Slc2a1;Epas1;Gab1;Vegfa;Pik3r1;Fh1;Elob;Pak1;Cul2;Flcn;Hras;Crebbp;Sos1;Crkl;Akt3;Mapk1;Arnt;Akt2
prerank,KEGG_2019_Mouse__Aminoacyl-tRNA biosynthesis,0.16106820508048758,0.28831509022696505,1.000000e+00,1.000000e+00,1.000000e+00,44/44,83.92%,Rars;Vars;Ears2;Sars2;Kars;Tars;Aars2;Farsa;Tars2;Yars2;Dars2;Nars;Lars;Cars;Wars;Yars;Cars2;Iars;Gatc;Vars2;Qars;Mtfmt;Aars;Eprs;Hars2;Sars;Hars;Mars2;Gars;Dars;Rars2;Wars2;Farsb;Sepsecs;Mars;Qrsl1;Pstk;Iars2;Nars2;Gatb;Pars2;Fars2;Tarsl2;Lars2
